SourcePath	DeclaredTypes	PublicTypeDeclarations	Disposition	FinalOwners	MigrationStatus	DestinationPaths	Rationale
XRENGINE/Core/Editor/EditorState.cs	XREngine.Editor.EditorState;XREngine.Editor.EngineEditorState;XREngine.Editor.GlobalChange;XREngine.Editor.LocalValueChange;XREngine.Editor.LocalValueChangeField;XREngine.Editor.LocalValueChangeIDictionary;XREngine.Editor.LocalValueChangeIList;XREngine.Editor.LocalValueChangeProperty	8	Move	XREngine.Editor	Pending		Editor state and authoring change tracking are application concerns.
XRENGINE/Core/Editor/StateChange.cs	XREngine.Editor.EStateChangeType;XREngine.Editor.StateChange	2	Move	XREngine.Editor	Pending		Editor state and authoring change tracking are application concerns.
XRENGINE/Core/Engine/AnimationClipSerialization.cs	XREngine.AnimationClipCookedBinarySerializer;XREngine.AnimationClipMemoryPackRegistration;XREngine.AnimationClipSerialization;XREngine.AnimationClipSerializedModel;XREngine.AnimationClipYamlEnvelope;XREngine.AnimationClipYamlTypeConverter;XREngine.AnimationMemberSerializedModel;XREngine.SerializedMethodArgumentModel	1	Move	XREngine.Animation	Migrated	XREngine.Animation/Serialization/AnimationClipSerialization.cs	Serialization that directly requires animation domain types belongs with Animation.
XRENGINE/Core/Engine/AnimationCurveYamlModel.cs	XREngine.AnimationCurveYamlModel	0	Move	XREngine.Animation	Migrated	XREngine.Animation/Serialization/AnimationCurveYamlModel.cs	Serialization that directly requires animation domain types belongs with Animation.
XRENGINE/Core/Engine/AnimationCurveYamlTypeConverter.cs	XREngine.AnimationCurveYamlTypeConverter	1	Move	XREngine.Animation	Migrated	XREngine.Animation/Serialization/AnimationCurveYamlTypeConverter.cs	Serialization that directly requires animation domain types belongs with Animation.
XRENGINE/Core/Engine/AnimationPropertySerialization.cs	XREngine.AnimationPropertySerialization;XREngine.SerializedKeyframeModel;XREngine.SerializedPropertyAnimationModel	0	Move	XREngine.Animation	Migrated	XREngine.Animation/Serialization/AnimationPropertySerialization.cs	Serialization that directly requires animation domain types belongs with Animation.
XRENGINE/Core/Engine/AnimStateMachineSerialization.cs	XREngine.AnimLayerSerializedModel;XREngine.AnimStateComponentKind;XREngine.AnimStateComponentSerializedModel;XREngine.AnimStateMachineCookedBinarySerializer;XREngine.AnimStateMachineMemoryPackRegistration;XREngine.AnimStateMachineSerialization;XREngine.AnimStateMachineSerializedModel;XREngine.AnimStateMachineYamlTypeConverter;XREngine.AnimStateSerializedModel;XREngine.AnimStateTransitionSerializedModel;XREngine.AnimVarKind;XREngine.AnimVarSerializedModel	1	Move	XREngine.Animation	Migrated	XREngine.Animation/Serialization/AnimStateMachineSerialization.cs	Serialization that directly requires animation domain types belongs with Animation.
XRENGINE/Core/Engine/AssetManager.cs	XREngine.AssetManager;XREngine.RemoteAssetLoadMode	2	Refactor	XREngine.Runtime.Core	Migrated	XREngine.Runtime.Core/Assets/AssetManager.cs	Runtime asset loading, saving, watching, publication, and cache coordination belong behind focused Runtime.Core services.
XRENGINE/Core/Engine/AssetManager.FileWatching.cs	XREngine.AssetManager	1	Refactor	XREngine.Runtime.Core	Migrated	XREngine.Runtime.Core/Assets/AssetManager.FileWatching.cs	Runtime asset loading, saving, watching, publication, and cache coordination belong behind focused Runtime.Core services.
XRENGINE/Core/Engine/AssetManager.Metadata.cs	XREngine.AssetManager	1	Refactor	XREngine.Runtime.Core	Migrated	XREngine.Runtime.Core/Assets/AssetManager.Metadata.cs	Runtime asset loading, saving, watching, publication, and cache coordination belong behind focused Runtime.Core services.
XRENGINE/Core/Engine/AssetManager.Prefabs.cs	XREngine.AssetManagerPrefabExtensions	1	Refactor	XREngine.Runtime.Core	Pending		Runtime asset loading, saving, watching, publication, and cache coordination belong behind focused Runtime.Core services.
XRENGINE/Core/Engine/AssetManager.Published.cs	XREngine.AssetManager	1	Refactor	XREngine.Runtime.Core	Migrated	XREngine.Runtime.Core/Assets/AssetManager.Published.cs	Runtime asset loading, saving, watching, publication, and cache coordination belong behind focused Runtime.Core services.
XRENGINE/Core/Engine/AssetManager.RenderAssetSerializationServices.cs	XREngine.AssetManager	1	Refactor	XREngine.Runtime.Bootstrap	Migrated	XREngine.Runtime.Bootstrap/Assets/RuntimeAssetBootstrap.cs	Bootstrap composes owner-provided serialization registrations without a facade static constructor.
XRENGINE/Core/Engine/AssetManager.Saving.cs	XREngine.AssetManager	1	Refactor	XREngine.Runtime.Core	Migrated	XREngine.Runtime.Core/Assets/AssetManager.Saving.cs	Runtime asset loading, saving, watching, publication, and cache coordination belong behind focused Runtime.Core services.
XRENGINE/Core/Engine/AssetManager.Serialization.cs	XREngine.AssetManager;XREngine.CompatibilityNormalizingYamlDeserializer	1	Refactor	XREngine.Runtime.Core	Migrated	XREngine.Runtime.Core/Assets/AssetManager.Serialization.cs	Runtime asset loading, saving, watching, publication, and cache coordination belong behind focused Runtime.Core services.
XRENGINE/Core/Engine/AssetManager.ThirdPartyImport.cs	XREngine.AssetManagerThirdPartyImportExtensions;XREngine.ThirdPartyAssetImportService;XREngine.ThirdPartyImportBackup;XREngine.ThirdPartyImportProgress;XREngine.XRAssetReferenceEqualityComparer	2	Split	XREngine.Runtime.ModelingBridge;XREngine.Editor	Pending		ModelingBridge owns runtime import policy while Editor owns automatic watching and authoring UX.
XRENGINE/Core/Engine/AssetManagerRenderAssetSerializationServices.cs	XREngine.AssetManagerRenderAssetSerializationServices	0	Refactor	XREngine.Runtime.Core	Migrated	XREngine.Runtime.Core/Serialization/AssetManagerAssetSerializationServices.cs	Runtime.Core implements the lower asset serialization service contract consumed by renderer-owned converters.
XRENGINE/Core/Engine/AssetMetadata.cs	XREngine.Core.Engine.AssetImportMetadata;XREngine.Core.Engine.AssetMetadata	2	Move	XREngine.Data	Migrated	XREngine.Data/Serialization/Yaml/AssetMetadata.cs	Format-neutral metadata and YAML infrastructure belong in the lower Data layer.
XRENGINE/Core/Engine/BlendTreeSerialization.cs	XREngine.BlendTree1DChildSerializedModel;XREngine.BlendTree1DSerializedModel;XREngine.BlendTree2DChildSerializedModel;XREngine.BlendTree2DSerializedModel;XREngine.BlendTreeCookedBinarySerializer;XREngine.BlendTreeDirectChildSerializedModel;XREngine.BlendTreeDirectSerializedModel;XREngine.BlendTreeMemoryPackRegistration;XREngine.BlendTreeSerialization;XREngine.BlendTreeYamlTypeConverter	1	Move	XREngine.Animation	Migrated	XREngine.Animation/Serialization/BlendTreeSerialization.cs	Serialization that directly requires animation domain types belongs with Animation.
XRENGINE/Core/Engine/InterfaceCollectionYamlNodeDeserializer.cs	XREngine.InterfaceCollectionYamlNodeDeserializer	0	Move	XREngine.Data	Migrated	XREngine.Data/Serialization/Yaml/InterfaceCollectionYamlNodeDeserializer.cs	Format-neutral metadata and YAML infrastructure belong in the lower Data layer.
XRENGINE/Core/Engine/Loading/AssetLoading.Types.cs	XREngine.PrefabPartialLoadPlan	1	Refactor	XREngine.Runtime.Core	Pending		Runtime asset loading, saving, watching, publication, and cache coordination belong behind focused Runtime.Core services.
XRENGINE/Core/Engine/Loading/AssetManager.Loading.Api.cs	XREngine.AssetManagerPrefabLoadingExtensions	1	Refactor	XREngine.Runtime.Core	Pending		Runtime asset loading, saving, watching, publication, and cache coordination belong behind focused Runtime.Core services.
XRENGINE/Core/Engine/Loading/AssetManager.Loading.Core.cs	XREngine.AssetManager	1	Refactor	XREngine.Runtime.Core	Migrated	XREngine.Runtime.Core/Assets/Loading/AssetManager.Loading.Core.cs	Runtime asset loading, saving, watching, publication, and cache coordination belong behind focused Runtime.Core services.
XRENGINE/Core/Engine/Loading/AssetManager.Loading.Remote.cs	XREngine.AssetManager	1	Refactor	XREngine.Runtime.Core	Migrated	XREngine.Runtime.Core/Assets/Loading/AssetManager.Loading.Remote.cs	Runtime asset loading, saving, watching, publication, and cache coordination belong behind focused Runtime.Core services.
XRENGINE/Core/Engine/Loading/AssetManager.Loading.SerializationAndCache.cs	XREngine.AnimationClipBinaryCacheCodec;XREngine.AssetManager;XREngine.TextureStreamingCacheCodec	1	Split	XREngine.Runtime.Core;XREngine.Animation;XREngine.Runtime.Rendering;XREngine.Runtime.ModelingBridge	Migrated	XREngine.Runtime.Core/Assets/Loading/AssetManager.Loading.SerializationAndCache.cs;XREngine.Animation/Serialization/AnimationClipBinaryCacheCodec.cs;XREngine.Runtime.Rendering/Serialization/TextureStreamingCacheCodec.cs;XREngine.Runtime.ModelingBridge/Importing/Caching/ModelCachePathPolicy.cs	Runtime.Core owns generic loading/cache coordination while feature owners contribute their codecs and path policies.
XRENGINE/Core/Engine/Loading/AssetManager.Loading.ThirdParty.cs	XREngine.AssetManager	1	Refactor	XREngine.Runtime.Core	Migrated	XREngine.Runtime.Core/Assets/Loading/AssetManager.Loading.ThirdParty.cs	Generic third-party load coordination belongs in Runtime.Core; feature-specific importer and cache policies register through lower contracts.
XRENGINE/Core/Engine/ModelCaching/AssetManager.ModelCacheIdentity.cs	XREngine.Rendering.Models.Caching.AssetManagerModelCacheIdentityExtensions	0	Move	XREngine.Runtime.ModelingBridge	Pending		Model caching and third-party model import belong to the explicit modeling bridge.
XRENGINE/Core/Engine/ModelCaching/FacadeModelCachePolicyServices.cs	XREngine.ModelCaching.FacadeModelCachePolicyServices	1	Move	XREngine.Runtime.ModelingBridge	Pending		The temporary facade adapter disappears when ModelingBridge takes ownership of prefab import policy in P6.5.
XRENGINE/Core/Engine/ModelCaching/ModelBinaryCacheCodec.cs	XREngine.ModelCaching.ModelBinaryCacheCodec	0	Move	XREngine.Runtime.ModelingBridge	Migrated	XREngine.Runtime.ModelingBridge/Importing/Caching/ModelBinaryCacheCodec.cs	Model caching and third-party model import belong to the explicit modeling bridge.
XRENGINE/Core/Engine/ModelCaching/ModelCookOverrideSnapshotBuilder.cs	XREngine.ModelCaching.ModelCookOverrideSnapshotBuilder	0	Move	XREngine.Runtime.ModelingBridge	Pending		Model caching and third-party model import belong to the explicit modeling bridge.
XRENGINE/Core/Engine/ModelCaching/UnityModelImportProducerAdapter.cs	XREngine.ModelCaching.UnityModelImportProducerAdapter	0	Move	XREngine.Runtime.ModelingBridge	Pending		Model caching and third-party model import belong to the explicit modeling bridge.
XRENGINE/Core/Engine/MotionSerialization.cs	XREngine.MotionSerialization;XREngine.SerializedMotionModel	0	Move	XREngine.Animation	Migrated	XREngine.Animation/Serialization/MotionSerialization.cs	Serialization that directly requires animation domain types belongs with Animation.
XRENGINE/Core/Engine/PolymorphicTypeGraphVisitor.cs	XREngine.PolymorphicTypeGraphVisitor	1	Move	XREngine.Data	Migrated	XREngine.Data/Serialization/Yaml/PolymorphicTypeGraphVisitor.cs	Format-neutral metadata and YAML infrastructure belong in the lower Data layer.
XRENGINE/Core/Engine/PolymorphicYamlNodeDeserializer.cs	XREngine.PolymorphicYamlNodeDeserializer;XREngine.ReplayParser	1	Move	XREngine.Data	Migrated	XREngine.Data/Serialization/Yaml/PolymorphicYamlNodeDeserializer.cs	Format-neutral metadata and YAML infrastructure belong in the lower Data layer.
XRENGINE/Core/Engine/SerializedAssetSupport.cs	XREngine.CookedBinaryMemoryPackFormatter;XREngine.SerializedAssetSupport	0	Move	XREngine.Data	Migrated	XREngine.Data/Serialization/SerializedAssetSupport.cs	Format-neutral cooked and MemoryPack model helpers belong in Data.
XRENGINE/Core/Engine/TextFileYamlTypeConverter.cs	XREngine.TextFileYamlTypeConverter	1	Move	XREngine.Data	Migrated	XREngine.Data/Serialization/Yaml/TextFileYamlTypeConverter.cs	Format-neutral metadata and YAML infrastructure belong in the lower Data layer.
XRENGINE/Core/Engine/TransformBaseYamlTypeConverter.cs	XREngine.Core.Engine.TransformBaseYamlTypeConverter	0	Move	XREngine.Runtime.Core	Migrated	XREngine.Runtime.Core/Serialization/TransformBaseYamlTypeConverter.cs	Transform serialization depends on canonical Runtime.Core scene ownership.
XRENGINE/Core/Engine/XRAssetYamlTypeConverter.cs	XREngine.DelegateSkippingTypeInspector;XREngine.DepthTrackingNodeDeserializer;XREngine.LegacyEnumYamlNodeDeserializer;XREngine.NotSupportedAnnotatingNodeDeserializer;XREngine.PrefixReplayParser;XREngine.ScalarPathResolution;XREngine.XRAssetDeserializer;XREngine.XRAssetYamlConverter	5	Split	XREngine.Data;XREngine.Runtime.Core	Migrated	XREngine.Runtime.Core/Serialization/XRAssetYamlTypeConverter.cs;XREngine.Data/Serialization/Yaml/YamlEnumAliasRegistry.cs	Separate lower type/format resolution from runtime asset loading and publication.
XRENGINE/Core/Engine/YamlDefaultTypeInspector.cs	XREngine.Entry;XREngine.YamlDefaultTypeContext;XREngine.YamlDefaultTypeInspector;XREngine.YamlDefaultTypePropertyDescriptor	0	Move	XREngine.Data	Migrated	XREngine.Data/Serialization/Yaml/YamlDefaultTypeInspector.cs	Format-neutral metadata and YAML infrastructure belong in the lower Data layer.
XRENGINE/Core/Enums/ENormalizeOption.cs	XREngine.Core.ENormalizeOption	1	Move	XREngine.Data	Pending		The source is a lower value, serialization, or reflection contract independent of runtime ownership.
XRENGINE/Core/Enums/ERenderPass2D.cs	XREngine.ERenderPass2D	1	Move	XREngine.Runtime.Rendering	Pending		The type is renderer-facing and has no lower runtime ownership.
XRENGINE/Core/Extensions/BitmapExtension.cs	<assembly-metadata-or-global-source>	0	Move	XREngine.Runtime.Rendering	Pending		The type is renderer-facing and has no lower runtime ownership.
XRENGINE/Core/Extensions/ControlExtension.cs	<assembly-metadata-or-global-source>	0	Move	XREngine.Editor	Pending		The source depends on authoring UI or editor-only conversion behavior.
XRENGINE/Core/Extensions/GraphicsExtension.cs	XREngine.Extensions.GraphicsExtensions	1	Move	XREngine.Runtime.Rendering	Pending		The type is renderer-facing and has no lower runtime ownership.
XRENGINE/Core/Files/AssetPacker/ArchiveEntryInfo.cs	XREngine.Core.Files.ArchiveEntryInfo;XREngine.Core.Files.AssetPacker	2	Move	XREngine.Data	Migrated	XREngine.Data/Core/Files/AssetPacker/ArchiveEntryInfo.cs	Asset packing, cooked formats, lower serialization modules, and file primitives are format-neutral Data responsibilities.
XRENGINE/Core/Files/AssetPacker/ArchiveInfo.cs	XREngine.Core.Files.ArchiveInfo;XREngine.Core.Files.AssetPacker	2	Move	XREngine.Data	Migrated	XREngine.Data/Core/Files/AssetPacker/ArchiveInfo.cs	Asset packing, cooked formats, lower serialization modules, and file primitives are format-neutral Data responsibilities.
XRENGINE/Core/Files/AssetPacker/AssetPacker.cs	XREngine.Core.Files.ArchiveFlags;XREngine.Core.Files.AssetPacker;XREngine.Core.Files.BucketLayout;XREngine.Core.Files.CompressedFileResult;XREngine.Core.Files.LzmaProgressAdapter;XREngine.Core.Files.PackedAsset;XREngine.Core.Files.PackPhase;XREngine.Core.Files.PackProgress;XREngine.Core.Files.TocEntry	4	Move	XREngine.Data	Migrated	XREngine.Data/Core/Files/AssetPacker/AssetPacker.cs	Asset packing, cooked formats, lower serialization modules, and file primitives are format-neutral Data responsibilities.
XRENGINE/Core/Files/AssetPacker/FooterInfo.cs	XREngine.Core.Files.AssetPacker;XREngine.Core.Files.FooterInfo	1	Move	XREngine.Data	Migrated	XREngine.Data/Core/Files/AssetPacker/FooterInfo.cs	Asset packing, cooked formats, lower serialization modules, and file primitives are format-neutral Data responsibilities.
XRENGINE/Core/Files/AssetPacker/StringCompressor.cs	XREngine.Core.Files.AssetPacker;XREngine.Core.Files.BufferBuilder;XREngine.Core.Files.StringCompressor	1	Move	XREngine.Data	Migrated	XREngine.Data/Core/Files/AssetPacker/StringCompressor.cs	Asset packing, cooked formats, lower serialization modules, and file primitives are format-neutral Data responsibilities.
XRENGINE/Core/Files/AssetPacker/TocEntryData.cs	XREngine.Core.Files.AssetPacker;XREngine.Core.Files.TocEntryData	1	Move	XREngine.Data	Migrated	XREngine.Data/Core/Files/AssetPacker/TocEntryData.cs	Asset packing, cooked formats, lower serialization modules, and file primitives are format-neutral Data responsibilities.
XRENGINE/Core/Files/CookedAssetBlob.cs	XREngine.Core.Files.CookedAssetBlob;XREngine.Core.Files.CookedAssetFormat;XREngine.Core.Files.CookedAssetReader	3	Move	XREngine.Data	Migrated	XREngine.Data/Core/Files/CookedAssetBlob.cs	Asset packing, cooked formats, lower serialization modules, and file primitives are format-neutral Data responsibilities.
XRENGINE/Core/Files/CookedAssetTypeReference.cs	XREngine.Core.Files.CookedAssetTypeReference	1	Move	XREngine.Data	Migrated	XREngine.Data/Core/Files/CookedAssetTypeReference.cs	Asset packing, cooked formats, lower serialization modules, and file primitives are format-neutral Data responsibilities.
XRENGINE/Core/Files/CookedBinary/CookedBinarySerializer.cs	XREngine.Core.Files.CookedBinaryObjectEncoding;XREngine.Core.Files.CookedBinaryReader;XREngine.Core.Files.CookedBinarySerializationCallbacks;XREngine.Core.Files.CookedBinarySerializer;XREngine.Core.Files.CookedBinarySizeCalculator;XREngine.Core.Files.CookedBinaryWriter;XREngine.Core.Files.ICookedBinarySerializable;XREngine.Core.Files.MemberMetadata;XREngine.Core.Files.MemoryPackRecursionScope;XREngine.Core.Files.OwningSceneNodeScope;XREngine.Core.Files.ReferenceLoopGuard;XREngine.Core.Files.ReferenceLoopScope;XREngine.Core.Files.TypeMetadata;XREngine.Core.Files.TypeMetadataCache	5	Move	XREngine.Data	Migrated	XREngine.Data/Core/Files/CookedBinary/CookedBinarySerializer.cs	Asset packing, cooked formats, lower serialization modules, and file primitives are format-neutral Data responsibilities.
XRENGINE/Core/Files/CookedBinary/CookedBinarySerializer.Schema.cs	XREngine.Core.Files.CookedBinarySchema;XREngine.Core.Files.CookedBinarySchemaBuilder;XREngine.Core.Files.CookedBinarySchemaFormatter;XREngine.Core.Files.CookedBinarySchemaNode;XREngine.Core.Files.CookedBinarySerializer	3	Move	XREngine.Data	Migrated	XREngine.Data/Core/Files/CookedBinary/CookedBinarySerializer.Schema.cs	Asset packing, cooked formats, lower serialization modules, and file primitives are format-neutral Data responsibilities.
XRENGINE/Core/Files/CookedBinary/CookedBinaryTypeMarker.cs	XREngine.Core.Files.CookedBinaryTypeMarker	0	Move	XREngine.Data	Migrated	XREngine.Data/Core/Files/CookedBinary/CookedBinaryTypeMarker.cs	Asset packing, cooked formats, lower serialization modules, and file primitives are format-neutral Data responsibilities.
XRENGINE/Core/Files/CookedBinary/Modules/Collections/Array.cs	XREngine.Core.Files.ArrayCookedBinaryModule;XREngine.Core.Files.CookedBinarySerializer	1	Move	XREngine.Data	Migrated	XREngine.Data/Core/Files/CookedBinary/Modules/Collections/Array.cs	Asset packing, cooked formats, lower serialization modules, and file primitives are format-neutral Data responsibilities.
XRENGINE/Core/Files/CookedBinary/Modules/Collections/Dictionary.cs	XREngine.Core.Files.CookedBinarySerializer;XREngine.Core.Files.DictionaryCookedBinaryModule	1	Move	XREngine.Data	Migrated	XREngine.Data/Core/Files/CookedBinary/Modules/Collections/Dictionary.cs	Asset packing, cooked formats, lower serialization modules, and file primitives are format-neutral Data responsibilities.
XRENGINE/Core/Files/CookedBinary/Modules/Collections/HashSet.cs	XREngine.Core.Files.CookedBinarySerializer;XREngine.Core.Files.HashSetCookedBinaryModule	1	Move	XREngine.Data	Migrated	XREngine.Data/Core/Files/CookedBinary/Modules/Collections/HashSet.cs	Asset packing, cooked formats, lower serialization modules, and file primitives are format-neutral Data responsibilities.
XRENGINE/Core/Files/CookedBinary/Modules/Collections/List.cs	XREngine.Core.Files.CookedBinarySerializer;XREngine.Core.Files.ListCookedBinaryModule	1	Move	XREngine.Data	Migrated	XREngine.Data/Core/Files/CookedBinary/Modules/Collections/List.cs	Asset packing, cooked formats, lower serialization modules, and file primitives are format-neutral Data responsibilities.
XRENGINE/Core/Files/CookedBinary/Modules/Core/ByteArray.cs	XREngine.Core.Files.ByteArrayCookedBinaryModule;XREngine.Core.Files.CookedBinarySerializer	1	Move	XREngine.Data	Migrated	XREngine.Data/Core/Files/CookedBinary/Modules/Core/ByteArray.cs	Asset packing, cooked formats, lower serialization modules, and file primitives are format-neutral Data responsibilities.
XRENGINE/Core/Files/CookedBinary/Modules/Core/DataSource.cs	XREngine.Core.Files.CookedBinarySerializer;XREngine.Core.Files.DataSourceCookedBinaryModule	1	Move	XREngine.Data	Migrated	XREngine.Data/Core/Files/CookedBinary/Modules/Core/DataSource.cs	Asset packing, cooked formats, lower serialization modules, and file primitives are format-neutral Data responsibilities.
XRENGINE/Core/Files/CookedBinary/Modules/Core/Enum.cs	XREngine.Core.Files.CookedBinarySerializer;XREngine.Core.Files.EnumCookedBinaryModule	1	Move	XREngine.Data	Migrated	XREngine.Data/Core/Files/CookedBinary/Modules/Core/Enum.cs	Asset packing, cooked formats, lower serialization modules, and file primitives are format-neutral Data responsibilities.
XRENGINE/Core/Files/CookedBinary/Modules/Core/Nullable.cs	XREngine.Core.Files.CookedBinarySerializer;XREngine.Core.Files.NullableCookedBinaryModule	1	Move	XREngine.Data	Migrated	XREngine.Data/Core/Files/CookedBinary/Modules/Core/Nullable.cs	Asset packing, cooked formats, lower serialization modules, and file primitives are format-neutral Data responsibilities.
XRENGINE/Core/Files/CookedBinary/Modules/Core/Primitive.cs	XREngine.Core.Files.CookedBinarySerializer;XREngine.Core.Files.PrimitiveCookedBinaryModule	1	Move	XREngine.Data	Migrated	XREngine.Data/Core/Files/CookedBinary/Modules/Core/Primitive.cs	Asset packing, cooked formats, lower serialization modules, and file primitives are format-neutral Data responsibilities.
XRENGINE/Core/Files/CookedBinary/Modules/Core/Registry.cs	XREngine.Core.Files.CookedBinaryModule;XREngine.Core.Files.CookedBinarySerializationModuleInfo;XREngine.Core.Files.CookedBinarySerializer	2	Move	XREngine.Data	Migrated	XREngine.Data/Core/Files/CookedBinary/Modules/Core/Registry.cs	Asset packing, cooked formats, lower serialization modules, and file primitives are format-neutral Data responsibilities.
XRENGINE/Core/Files/CookedBinary/Modules/Core/TypeReference.cs	XREngine.Core.Files.CookedBinarySerializer;XREngine.Core.Files.TypeReferenceCookedBinaryModule	1	Move	XREngine.Data	Migrated	XREngine.Data/Core/Files/CookedBinary/Modules/Core/TypeReference.cs	Asset packing, cooked formats, lower serialization modules, and file primitives are format-neutral Data responsibilities.
XRENGINE/Core/Files/CookedBinary/Modules/Core/ValueTuple.cs	XREngine.Core.Files.CookedBinarySerializer;XREngine.Core.Files.ValueTupleCookedBinaryModule	1	Move	XREngine.Data	Migrated	XREngine.Data/Core/Files/CookedBinary/Modules/Core/ValueTuple.cs	Asset packing, cooked formats, lower serialization modules, and file primitives are format-neutral Data responsibilities.
XRENGINE/Core/Files/CookedBinary/Modules/Core/XREvent.cs	XREngine.Core.Files.CookedBinarySerializer;XREngine.Core.Files.XREventCookedBinaryModule	1	Move	XREngine.Data	Migrated	XREngine.Data/Core/Files/CookedBinary/Modules/Core/XREvent.cs	Asset packing, cooked formats, lower serialization modules, and file primitives are format-neutral Data responsibilities.
XRENGINE/Core/Files/CookedBinary/Modules/Custom/AnimationClip.cs	XREngine.Core.Files.AnimationClipCookedBinaryModule;XREngine.Core.Files.CookedBinarySerializer	1	Move	XREngine.Animation	Migrated	XREngine.Animation/Serialization/CookedBinary/AnimationClipCookedBinaryCodec.cs	Cooked modules that require animation types belong with Animation.
XRENGINE/Core/Files/CookedBinary/Modules/Custom/AnimStateMachine.cs	XREngine.Core.Files.AnimStateMachineCookedBinaryModule;XREngine.Core.Files.CookedBinarySerializer	1	Move	XREngine.Animation	Migrated	XREngine.Animation/Serialization/CookedBinary/AnimStateMachineCookedBinaryCodec.cs	Cooked modules that require animation types belong with Animation.
XRENGINE/Core/Files/CookedBinary/Modules/Custom/BlendTree.cs	XREngine.Core.Files.BlendTreeCookedBinaryModule;XREngine.Core.Files.CookedBinarySerializer	1	Move	XREngine.Animation	Migrated	XREngine.Animation/Serialization/CookedBinary/BlendTreeCookedBinaryCodec.cs	Cooked modules that require animation types belong with Animation.
XRENGINE/Core/Files/CookedBinary/Modules/Custom/BlittableStruct.cs	XREngine.Core.Files.BlittableStructCookedBinaryModule;XREngine.Core.Files.CookedBinarySerializer	1	Move	XREngine.Data	Migrated	XREngine.Data/Core/Files/CookedBinary/Modules/Custom/BlittableStruct.cs	Asset packing, cooked formats, lower serialization modules, and file primitives are format-neutral Data responsibilities.
XRENGINE/Core/Files/CookedBinary/Modules/Custom/CustomSerializable.cs	XREngine.Core.Files.CookedBinarySerializer;XREngine.Core.Files.CustomSerializableCookedBinaryModule	1	Move	XREngine.Data	Migrated	XREngine.Data/Core/Files/CookedBinary/Modules/Custom/CustomSerializable.cs	Asset packing, cooked formats, lower serialization modules, and file primitives are format-neutral Data responsibilities.
XRENGINE/Core/Files/CookedBinary/Modules/Custom/Object.cs	XREngine.Core.Files.CookedBinarySerializer;XREngine.Core.Files.ObjectCookedBinaryModule	1	Move	XREngine.Data	Migrated	XREngine.Data/Core/Files/CookedBinary/Modules/Custom/Object.cs	Asset packing, cooked formats, lower serialization modules, and file primitives are format-neutral Data responsibilities.
XRENGINE/Core/Files/DirectStorageIO.cs	XREngine.Core.Files.DirectStorageIO;XREngine.Core.Files.DirectStorageQueueContext;XREngine.Core.Files.ReadBatch;XREngine.Core.Files.ReadRequest;XREngine.Core.Files.RuntimeState	2	Move	XREngine.Runtime.Core	Migrated	XREngine.Runtime.Core/Assets/IO/DirectStorageIO.cs	Published registry, project runtime state, and runtime IO orchestration require Runtime.Core ownership.
XRENGINE/Core/Files/EventArgs.cs	XREngine.Core.Files.EventArgs	1	Move	XREngine.Data	Migrated	XREngine.Data/Core/Files/EventArgs.cs	Asset packing, cooked formats, lower serialization modules, and file primitives are format-neutral Data responsibilities.
XRENGINE/Core/Files/EventRaisingStreamWriter.cs	XREngine.Core.Files.EventRaisingStreamWriter	1	Move	XREngine.Data	Migrated	XREngine.Data/Core/Files/EventRaisingStreamWriter.cs	Asset packing, cooked formats, lower serialization modules, and file primitives are format-neutral Data responsibilities.
XRENGINE/Core/Files/FacadeAssetSerializationRegistration.cs	XREngine.FacadeAssetSerializationRegistration;XREngine.FacadeAssetTypeHintProvider	1	Split	XREngine.Runtime.Bootstrap;XREngine.Runtime.ModelingBridge;XREngine.Editor	Pending		The temporary registration adapter splits into composition, prefab type hints, and editor-settings aliases in P6.4-P6.5.
XRENGINE/Core/Files/FacadePublishedCookedAssetRegistration.cs	XREngine.FacadePublishedCookedAssetRegistration	1	Split	XREngine.Runtime.Bootstrap;XREngine.Editor	Pending		Startup-settings serialization moves with Bootstrap while editor-preference serialization moves to Editor in P6.4.
XRENGINE/Core/Files/FileMap.cs	System.CFileMap;System.FileMap;System.FileMapProtect;System.WFileMap	4	Move	XREngine.Data	Migrated	XREngine.Data/Core/Files/FileMap.cs	Asset packing, cooked formats, lower serialization modules, and file primitives are format-neutral Data responsibilities.
XRENGINE/Core/Files/PublishedCookedAssetRegistryRegistration.cs	XREngine.EnginePublishedCookedAssetRegistryRegistration	1	Split	XREngine.Data;XREngine.Animation;XREngine.Runtime.Rendering	Migrated	XREngine.Data/Core/Files/DataPublishedCookedAssetRegistration.cs;XREngine.Animation/Serialization/AnimationPublishedCookedAssetRegistration.cs;XREngine.Runtime.Rendering/Core/Files/PublishedCookedAssetRegistryRegistration.cs	Data owns the registry and each feature owner contributes its published cooked serializers through leases.
XRENGINE/Core/Files/TocLookupMode.cs	XREngine.Core.Files.TocLookupMode	1	Move	XREngine.Data	Migrated	XREngine.Data/Core/Files/TocLookupMode.cs	Asset packing, cooked formats, lower serialization modules, and file primitives are format-neutral Data responsibilities.
XRENGINE/Core/Files/XRAsset.MemoryPack.cs	XREngine.Core.Files.XRAssetMemoryPackAdapter;XREngine.Core.Files.XRAssetMemoryPackEnvelope	0	Move	XREngine.Data	Migrated	XREngine.Data/Core/Files/XRAsset.MemoryPack.cs	Asset packing, cooked formats, lower serialization modules, and file primitives are format-neutral Data responsibilities.
XRENGINE/Core/Files/XRProject.cs	XREngine.XRProject	1	Move	XREngine.Runtime.Core	Migrated	XREngine.Runtime.Core/Assets/XRProject.cs	Published registry, project runtime state, and runtime IO orchestration require Runtime.Core ownership.
XRENGINE/Core/FrameEventArgs.cs	<assembly-metadata-or-global-source>	0	Move	XREngine.Runtime.Core	Pending		World state, lifecycle, play mode, time, snapshots, and platform runtime behavior belong to Runtime.Core.
XRENGINE/Core/GameState.cs	XREngine.GameState	1	Move	XREngine.Runtime.Core	Pending		World state, lifecycle, play mode, time, snapshots, and platform runtime behavior belong to Runtime.Core.
XRENGINE/Core/Interfaces/IBaseSubMesh.cs	XREngine.IBaseSubMesh	1	Move	XREngine.Runtime.Rendering	Pending		The type is renderer-facing and has no lower runtime ownership.
XRENGINE/Core/Interfaces/IBufferable.cs	<assembly-metadata-or-global-source>	0	Move	XREngine.Data	Pending		The source is a lower value, serialization, or reflection contract independent of runtime ownership.
XRENGINE/Core/Interfaces/Interfaces.cs	XREngine.IShaderVarOwner;XREngine.IUniformable;XREngine.IUniformable1Bool;XREngine.IUniformable1Double;XREngine.IUniformable1Float;XREngine.IUniformable1Int;XREngine.IUniformable1UInt;XREngine.IUniformable2Bool;XREngine.IUniformable2Double;XREngine.IUniformable2Float;XREngine.IUniformable2Int;XREngine.IUniformable2UInt;XREngine.IUniformable3Bool;XREngine.IUniformable3Double;XREngine.IUniformable3Float;XREngine.IUniformable3Int;XREngine.IUniformable3UInt;XREngine.IUniformable4Bool;XREngine.IUniformable4Double;XREngine.IUniformable4Float;XREngine.IUniformable4Int;XREngine.IUniformable4UInt;XREngine.IUniformableArray	24	Move	XREngine.Data	Pending		The source is a lower value, serialization, or reflection contract independent of runtime ownership.
XRENGINE/Core/Interfaces/ISkeletalSubMesh.cs	XREngine.ISkeletalSubMesh	1	Move	XREngine.Runtime.Rendering	Pending		The type is renderer-facing and has no lower runtime ownership.
XRENGINE/Core/Interfaces/IStaticSubMesh.cs	XREngine.IStaticSubMesh	1	Move	XREngine.Runtime.Rendering	Pending		The type is renderer-facing and has no lower runtime ownership.
XRENGINE/Core/Interfaces/ITextSource.cs	<assembly-metadata-or-global-source>	0	Move	XREngine.Data	Pending		The source is a lower value, serialization, or reflection contract independent of runtime ownership.
XRENGINE/Core/Platform/Linux.cs	System.Linux;System.MMapFlags;System.MMapProtect	3	Move	XREngine.Runtime.Core	Pending		World state, lifecycle, play mode, time, snapshots, and platform runtime behavior belong to Runtime.Core.
XRENGINE/Core/Platform/OSX.cs	System.MMapFlags;System.MMapProtect;System.OSX	2	Move	XREngine.Runtime.Core	Pending		World state, lifecycle, play mode, time, snapshots, and platform runtime behavior belong to Runtime.Core.
XRENGINE/Core/PlayModeConfiguration.cs	XREngine.EStateRestorationMode;XREngine.PlayModeConfiguration	2	Move	XREngine.Runtime.Core	Pending		World state, lifecycle, play mode, time, snapshots, and platform runtime behavior belong to Runtime.Core.
XRENGINE/Core/Reflection/AssemblyQualifiedName.cs	XREngine.Core.Reflection.AssemblyQualifiedName	1	Move	XREngine.Data	Pending		The source is a lower value, serialization, or reflection contract independent of runtime ownership.
XRENGINE/Core/Serialization/XREngineJsonSerialization.cs	XREngine.XREngineRuntimeJsonContext	1	Move	XREngine.Data	Pending		The source is a lower value, serialization, or reflection contract independent of runtime ownership.
XRENGINE/Core/SnapshotAssetReference.cs	XREngine.SnapshotAssetReference	0	Move	XREngine.Runtime.Core	Pending		World state, lifecycle, play mode, time, snapshots, and platform runtime behavior belong to Runtime.Core.
XRENGINE/Core/SnapshotBinarySerializer.cs	XREngine.SnapshotBinarySerializer	0	Move	XREngine.Data	Pending		The source is a lower value, serialization, or reflection contract independent of runtime ownership.
XRENGINE/Core/SnapshotDiagnostics.cs	XREngine.BufferStats;XREngine.Scope;XREngine.Session;XREngine.SnapshotAssetSerializationMode;XREngine.SnapshotDiagnostics;XREngine.WorldAssetSummary	0	Move	XREngine.Runtime.Core	Pending		World state, lifecycle, play mode, time, snapshots, and platform runtime behavior belong to Runtime.Core.
XRENGINE/Core/SnapshotSceneReferenceResolver.cs	XREngine.SnapshotSceneReferenceResolver	0	Move	XREngine.Runtime.Core	Pending		World state, lifecycle, play mode, time, snapshots, and platform runtime behavior belong to Runtime.Core.
XRENGINE/Core/SnapshotYamlSerializer.cs	XREngine.SnapshotYamlSerializer	0	Move	XREngine.Data	Pending		The source is a lower value, serialization, or reflection contract independent of runtime ownership.
XRENGINE/Core/Time/CollectVisibleGenerationGate.cs	XREngine.Timers.CollectVisibleGenerationGate	0	Move	XREngine.Runtime.Core	Pending		World state, lifecycle, play mode, time, snapshots, and platform runtime behavior belong to Runtime.Core.
XRENGINE/Core/Time/EngineTimer.cs	XREngine.Timers.ECollectVisibleLatePolicy;XREngine.Timers.EngineTimer	2	Move	XREngine.Runtime.Core	Pending		World state, lifecycle, play mode, time, snapshots, and platform runtime behavior belong to Runtime.Core.
XRENGINE/Core/Time/EngineTimer.DeltaManager.cs	XREngine.Timers.DeltaManager;XREngine.Timers.EngineTimer	2	Move	XREngine.Runtime.Core	Pending		World state, lifecycle, play mode, time, snapshots, and platform runtime behavior belong to Runtime.Core.
XRENGINE/Core/Tools/Unity/UnityConverter.cs	XREngine.Core.Tools.Unity.UnityConverter	1	Move	XREngine.Editor	Pending		The source depends on authoring UI or editor-only conversion behavior.
XRENGINE/Core/WorldStateSnapshot.cs	XREngine.WorldStateSnapshot	1	Move	XREngine.Runtime.Core	Pending		World state, lifecycle, play mode, time, snapshots, and platform runtime behavior belong to Runtime.Core.
XRENGINE/Core/XRMenuItem.cs	XREngine.XRInteractableMenuItem;XREngine.XRMenuButton;XREngine.XRMenuItem;XREngine.XRMenuSeparator;XREngine.XRMenuToggle	5	Move	XREngine.Editor	Pending		The source depends on authoring UI or editor-only conversion behavior.
XRENGINE/Engine/Engine.cs	XREngine.Engine;XREngine.PooledExternalProfilerScope	1	Refactor	XREngine.Runtime.Core	Pending		Replace the remaining static Engine partial with focused lifecycle, timing, scheduling, physics, project, and runtime services.
XRENGINE/Engine/Engine.Lifecycle.cs	XREngine.Engine	1	Refactor	XREngine.Runtime.Core	Pending		Replace the remaining static Engine partial with focused lifecycle, timing, scheduling, physics, project, and runtime services.
XRENGINE/Engine/Engine.MainThreadInvokeLog.cs	XREngine.Engine;XREngine.MainThreadInvokeEntry;XREngine.MainThreadInvokeMode	3	Split	XREngine.Runtime.Core;XREngine.Editor	Pending		Runtime.Core owns diagnostic signals; Editor owns interactive capture and presentation policy.
XRENGINE/Engine/Engine.Memory.cs	XREngine.Engine	1	Refactor	XREngine.Runtime.Core	Pending		Replace the remaining static Engine partial with focused lifecycle, timing, scheduling, physics, project, and runtime services.
XRENGINE/Engine/Engine.Networking.cs	XREngine.Engine	1	Move	XREngine.Runtime.Core	Pending		Networking orchestration, discovery, sessions, identity, and transport belong to the non-visual runtime core.
XRENGINE/Engine/Engine.ProfileCapture.cs	XREngine.ActiveRenderFeaturesMetadata;XREngine.CaptureCompletion;XREngine.Engine;XREngine.FrameOutputInventoryMetadata;XREngine.PerformanceObserverMetadata;XREngine.ProfileCapture;XREngine.RunMetadata	1	Split	XREngine.Runtime.Core;XREngine.Editor	Pending		Runtime.Core owns diagnostic signals; Editor owns interactive capture and presentation policy.
XRENGINE/Engine/Engine.ProfilerSender.cs	XREngine.Engine	1	Split	XREngine.Runtime.Core;XREngine.Editor	Pending		Runtime.Core owns diagnostic signals; Editor owns interactive capture and presentation policy.
XRENGINE/Engine/Engine.Project.cs	XREngine.Engine	1	Refactor	XREngine.Runtime.Core	Pending		Replace the remaining static Engine partial with focused lifecycle, timing, scheduling, physics, project, and runtime services.
XRENGINE/Engine/Engine.RuntimeMaintenanceServices.cs	XREngine.EngineRuntimeMaintenanceServices	0	Refactor	XREngine.Runtime.Core	Pending		Replace the remaining static Engine partial with focused lifecycle, timing, scheduling, physics, project, and runtime services.
XRENGINE/Engine/Engine.RuntimeNetworkDiscoveryHostServices.cs	XREngine.EngineRuntimeNetworkDiscoveryHostServices	0	Refactor	XREngine.Runtime.Core	Pending		Replace the remaining static Engine partial with focused lifecycle, timing, scheduling, physics, project, and runtime services.
XRENGINE/Engine/Engine.RuntimePhysicsServices.cs	XREngine.EngineRuntimePhysicsServices	0	Refactor	XREngine.Runtime.Core	Pending		Replace the remaining static Engine partial with focused lifecycle, timing, scheduling, physics, project, and runtime services.
XRENGINE/Engine/Engine.RuntimeSceneNodeServices.cs	XREngine.EngineRuntimeSceneNodeServices	0	Refactor	XREngine.Runtime.Core	Pending		Replace the remaining static Engine partial with focused lifecycle, timing, scheduling, physics, project, and runtime services.
XRENGINE/Engine/Engine.RuntimeSceneStreamingHostServices.cs	XREngine.EngineRuntimeSceneStreamingHostServices;XREngine.SceneHandle	0	Refactor	XREngine.Runtime.Core	Pending		Replace the remaining static Engine partial with focused lifecycle, timing, scheduling, physics, project, and runtime services.
XRENGINE/Engine/Engine.RuntimeStaticColliderAuthoringServices.cs	XREngine.EngineRuntimeStaticColliderAuthoringServices;XREngine.State	0	Refactor	XREngine.Runtime.Core	Pending		Replace the remaining static Engine partial with focused lifecycle, timing, scheduling, physics, project, and runtime services.
XRENGINE/Engine/Engine.RuntimeThreadServices.cs	XREngine.EngineRuntimeThreadServices	0	Refactor	XREngine.Runtime.Core	Pending		Replace the remaining static Engine partial with focused lifecycle, timing, scheduling, physics, project, and runtime services.
XRENGINE/Engine/Engine.RuntimeTransformServices.cs	XREngine.EngineRuntimeTransformServices;XREngine.TransformDebugHandle;XREngine.TransformDebugRenderable	0	Refactor	XREngine.Runtime.Core	Pending		Replace the remaining static Engine partial with focused lifecycle, timing, scheduling, physics, project, and runtime services.
XRENGINE/Engine/Engine.RuntimeWorldObjectServices.cs	XREngine.EngineRuntimeWorldObjectServices	0	Refactor	XREngine.Runtime.Core	Pending		Replace the remaining static Engine partial with focused lifecycle, timing, scheduling, physics, project, and runtime services.
XRENGINE/Engine/Engine.Settings.cs	XREngine.Engine;XREngine.SettingsCascadeSuppressionScope	1	Split	XREngine.Runtime.Core;XREngine.Runtime.Bootstrap;XREngine.Editor	Pending		Separate runtime-safe settings application, host composition, and editor preference ownership.
XRENGINE/Engine/Engine.Threading.cs	XREngine.Engine	1	Refactor	XREngine.Runtime.Core	Pending		Replace the remaining static Engine partial with focused lifecycle, timing, scheduling, physics, project, and runtime services.
XRENGINE/Engine/Engine.TickList.cs	XREngine.Engine;XREngine.TickEntry;XREngine.TickList	2	Refactor	XREngine.Runtime.Core	Pending		Replace the remaining static Engine partial with focused lifecycle, timing, scheduling, physics, project, and runtime services.
XRENGINE/Engine/Engine.ViewportRebind.cs	XREngine.Engine	1	Split	XREngine.Runtime.Rendering;XREngine.Runtime.Bootstrap	Pending		Rendering owns window/viewport implementation while Bootstrap owns application-loop policy.
XRENGINE/Engine/Engine.WindowPumpHost.cs	XREngine.EngineWindowPumpHost;XREngine.EngineWindowPumpHostMode;XREngine.WindowPumpWorkItem	0	Split	XREngine.Runtime.Rendering;XREngine.Runtime.Bootstrap	Pending		Rendering owns window/viewport implementation while Bootstrap owns application-loop policy.
XRENGINE/Engine/Engine.Windows.cs	XREngine.Engine	1	Split	XREngine.Runtime.Rendering;XREngine.Runtime.Bootstrap	Pending		Rendering owns window/viewport implementation while Bootstrap owns application-loop policy.
XRENGINE/Engine/Engine.WorkSchedulerValidation.cs	XREngine.Engine	1	Refactor	XREngine.Runtime.Core	Pending		Replace the remaining static Engine partial with focused lifecycle, timing, scheduling, physics, project, and runtime services.
XRENGINE/Engine/Execution/EngineSchedulerSmokeExecutor.cs	XREngine.EngineSchedulerSmokeExecutor	0	Move	XREngine.Runtime.Bootstrap	Pending		Launch and runtime-smoke contracts belong to the shared application composition root.
XRENGINE/Engine/IGameLaunchBootstrap.cs	XREngine.IGameLaunchBootstrap	1	Move	XREngine.Runtime.Bootstrap	Pending		Launch and runtime-smoke contracts belong to the shared application composition root.
XRENGINE/Engine/IGameLaunchRuntimeSmokeBootstrap.cs	XREngine.IGameLaunchRuntimeSmokeBootstrap	1	Move	XREngine.Runtime.Bootstrap	Pending		Launch and runtime-smoke contracts belong to the shared application composition root.
XRENGINE/Engine/Networking/Engine.BaseNetworkingManager.cs	XREngine.BaseNetworkingManager;XREngine.EBroadcastType;XREngine.ETransformValueFlags;XREngine.IdValue;XREngine.PendingAckPacket;XREngine.QueuedUdpPacket;XREngine.UdpPeerState	2	Move	XREngine.Runtime.Core	Pending		Networking orchestration, discovery, sessions, identity, and transport belong to the non-visual runtime core.
XRENGINE/Engine/Networking/Engine.ClientNetworkingManager.cs	XREngine.ClientNetworkingManager;XREngine.RemotePlayerState	1	Move	XREngine.Runtime.Core	Pending		Networking orchestration, discovery, sessions, identity, and transport belong to the non-visual runtime core.
XRENGINE/Engine/Networking/Engine.NetworkingDiscovery.cs	XREngine.Engine	1	Move	XREngine.Runtime.Core	Pending		Networking orchestration, discovery, sessions, identity, and transport belong to the non-visual runtime core.
XRENGINE/Engine/Networking/Engine.ServerNetworkingManager.cs	XREngine.NetworkPlayerConnection;XREngine.ServerConnectionInfo;XREngine.ServerNetworkingManager	2	Move	XREngine.Runtime.Core	Pending		Networking orchestration, discovery, sessions, identity, and transport belong to the non-visual runtime core.
XRENGINE/Engine/Networking/RealtimeJoinHandoff.cs	XREngine.RealtimeJoinHandoff	1	Move	XREngine.Runtime.Core	Pending		Networking orchestration, discovery, sessions, identity, and transport belong to the non-visual runtime core.
XRENGINE/Engine/Networking/RemoteJobNetworkingTransport.cs	XREngine.RemoteJobNetworkingTransport	1	Move	XREngine.Runtime.Core	Pending		Networking orchestration, discovery, sessions, identity, and transport belong to the non-visual runtime core.
XRENGINE/Engine/Networking/ServerSessionResolver.cs	XREngine.Engine;XREngine.ServerJoinAdmissionResult;XREngine.ServerSessionContext;XREngine.ServerSessionPlayerEvent	4	Move	XREngine.Runtime.Core	Pending		Networking orchestration, discovery, sessions, identity, and transport belong to the non-visual runtime core.
XRENGINE/Engine/Networking/WorldAssetIdentityProvider.cs	XREngine.WorldAssetIdentityProvider	1	Move	XREngine.Runtime.Core	Pending		Networking orchestration, discovery, sessions, identity, and transport belong to the non-visual runtime core.
XRENGINE/Engine/NullVideoFrameGpuActions.cs	XREngine.NullVideoFrameGpuActions	0	Move	XREngine.Runtime.Rendering	Pending		GPU video-frame actions are renderer-facing behavior.
XRENGINE/Engine/PerformanceProfileDebugHostServices.cs	XREngine.PerformanceProfileDebugHostServices	0	Split	XREngine.Runtime.Core;XREngine.Editor	Pending		Runtime.Core owns diagnostic signals; Editor owns interactive capture and presentation policy.
XRENGINE/Engine/Subclasses/Engine.CodeProfiler.cs	XREngine.AsyncPendingTimer;XREngine.BuiltTimer;XREngine.CodeProfiler;XREngine.CodeProfilerTimer;XREngine.CompletedScopeEvent;XREngine.ComponentTimingAccumulator;XREngine.ComponentTimingFrameState;XREngine.Engine;XREngine.LinkedScopeContext;XREngine.LinkedThreadProducerState;XREngine.ProfilerComponentFrameSnapshot;XREngine.ProfilerComponentTimingSnapshot;XREngine.ProfilerFrameSnapshot;XREngine.ProfilerNodeSnapshot;XREngine.ProfilerScope;XREngine.ProfilerThreadSnapshot;XREngine.ThreadBuildState;XREngine.ThreadProducerBuffer;XREngine.ThreadProducerState	19	Refactor	XREngine.Runtime.Core	Pending		Replace the remaining static Engine partial with focused lifecycle, timing, scheduling, physics, project, and runtime services.
XRENGINE/Engine/Subclasses/Engine.EffectiveSettings.cs	XREngine.EffectiveSettings;XREngine.Engine;XREngine.SettingSource	3	Split	XREngine.Runtime.Core;XREngine.Runtime.Bootstrap;XREngine.Editor	Pending		Separate runtime-safe settings application, host composition, and editor preference ownership.
XRENGINE/Engine/Subclasses/Engine.Input.cs	XREngine.Engine;XREngine.Input	2	Refactor	XREngine.Runtime.InputIntegration	Pending		Replace the static input facade with explicit input/controller services owned by InputIntegration.
XRENGINE/Engine/Subclasses/Engine.Physics.cs	XREngine.Engine;XREngine.Physics	2	Refactor	XREngine.Runtime.Core	Pending		Replace the remaining static Engine partial with focused lifecycle, timing, scheduling, physics, project, and runtime services.
XRENGINE/Engine/Subclasses/Engine.PlayMode.cs	XREngine.Engine;XREngine.PlayMode	2	Refactor	XREngine.Runtime.Core	Pending		Replace the remaining static Engine partial with focused lifecycle, timing, scheduling, physics, project, and runtime services.
XRENGINE/Engine/Subclasses/Engine.State.cs	XREngine.Engine;XREngine.State;XREngine.WindowCloseRequestResult	3	Split	XREngine.Runtime.Core;XREngine.Runtime.InputIntegration;XREngine.Runtime.Bootstrap	Pending		Separate runtime/project state from local-controller creation and host composition.
XRENGINE/Engine/Subclasses/Engine.ThreadAllocationTracker.cs	XREngine.AllocationRing;XREngine.AllocationRingSnapshot;XREngine.AllocationScope;XREngine.AllocationScopeRing;XREngine.AllocationScopeSnapshot;XREngine.Engine;XREngine.ThreadAllocationSnapshot;XREngine.ThreadAllocationTracker	11	Refactor	XREngine.Runtime.Core	Pending		Replace the remaining static Engine partial with focused lifecycle, timing, scheduling, physics, project, and runtime services.
XRENGINE/Engine/Subclasses/Engine.Time.cs	XREngine.Engine;XREngine.Time	2	Refactor	XREngine.Runtime.Core	Pending		Replace the remaining static Engine partial with focused lifecycle, timing, scheduling, physics, project, and runtime services.
XRENGINE/Engine/Subclasses/Rendering/EngineRenderingSettingsApplication.cs	XREngine.EngineRenderingSettingsApplication	1	Split	XREngine.Runtime.Rendering;XREngine.Runtime.Bootstrap;XREngine.Editor	Pending		Rendering applies renderer-safe settings, Bootstrap composes them, and Editor owns preferences.
XRENGINE/Engine/Subclasses/Rendering/EngineRenderingSettingsApplication.Preferences.cs	XREngine.EngineRenderingSettingsApplication	1	Split	XREngine.Runtime.Rendering;XREngine.Runtime.Bootstrap;XREngine.Editor	Pending		Rendering applies renderer-safe settings, Bootstrap composes them, and Editor owns preferences.
XRENGINE/Game Modes/FlyingCameraGameMode.cs	XREngine.FlyingCameraGameMode	1	Split	XREngine.Runtime.Bootstrap;XREngine.Runtime.InputIntegration	Pending		Bootstrap selects game-mode composition while InputIntegration owns controller and action behavior.
XRENGINE/Game Modes/LocomotionGameMode.cs	XREngine.LocomotionGameMode	1	Split	XREngine.Runtime.Bootstrap;XREngine.Runtime.InputIntegration	Pending		Bootstrap selects game-mode composition while InputIntegration owns controller and action behavior.
XRENGINE/Game Modes/VRGameMode.cs	XREngine.VRGameMode	1	Split	XREngine.Runtime.Bootstrap;XREngine.Runtime.InputIntegration	Pending		Bootstrap selects game-mode composition while InputIntegration owns controller and action behavior.
XRENGINE/GlobalUsings.Physics.cs	<assembly-metadata-or-global-source>	0	Delete	Removed	Pending		Remove the facade-only global physics import after callers use destination-owned namespaces.
XRENGINE/GlobalWorldTypeAliases.cs	<assembly-metadata-or-global-source>	0	Delete	Removed	Pending		Remove facade-only world aliases after consumers reference the canonical Runtime.Core and Runtime.Rendering contracts.
XRENGINE/Properties/AssemblyInfo.cs	<assembly-metadata-or-global-source>	0	Delete	Removed	Pending		Assembly metadata and type forwards exist only for the legacy XREngine.dll identity and are removed after repository identity migration.
XRENGINE/Properties/RuntimeSubsystemTypeForwards.cs	<assembly-metadata-or-global-source>	0	Delete	Removed	Pending		Assembly metadata and type forwards exist only for the legacy XREngine.dll identity and are removed after repository identity migration.
XRENGINE/Properties/RuntimeUiTypeForwards.cs	<assembly-metadata-or-global-source>	0	Delete	Removed	Pending		Assembly metadata and type forwards exist only for the legacy XREngine.dll identity and are removed after repository identity migration.
XRENGINE/Properties/RuntimeWorldTypeForwards.cs	<assembly-metadata-or-global-source>	0	Delete	Removed	Pending		Assembly metadata and type forwards exist only for the legacy XREngine.dll identity and are removed after repository identity migration.
XRENGINE/Rendering/XRWorldInstance.cs	XREngine.Rendering.EPlayState;XREngine.Rendering.GpuBvhPickRayInput;XREngine.Rendering.GpuMeshBvhPickState;XREngine.Rendering.XRWorldInstance	2	Split	XREngine.Runtime.Core;XREngine.Runtime.Rendering;XREngine.Runtime.InputIntegration;XREngine.Runtime.Bootstrap;XREngine.Editor	Pending		Decompose the cross-layer world aggregate into lifecycle, visual publication, input, composition, and editor owners.
XRENGINE/Rendering/XRWorldInstance.PhysicsDebug.cs	XREngine.Rendering.XRWorldInstance	1	Split	XREngine.Runtime.Core;XREngine.Runtime.Rendering;XREngine.Runtime.InputIntegration;XREngine.Runtime.Bootstrap;XREngine.Editor	Pending		Decompose the cross-layer world aggregate into lifecycle, visual publication, input, composition, and editor owners.
XRENGINE/Rendering/XRWorldInstance.PhysicsRaycastRequest.cs	XREngine.Rendering.PhysicsRaycastRequest;XREngine.Rendering.XRWorldInstance	1	Split	XREngine.Runtime.Core;XREngine.Runtime.Rendering;XREngine.Runtime.InputIntegration;XREngine.Runtime.Bootstrap;XREngine.Editor	Pending		Decompose the cross-layer world aggregate into lifecycle, visual publication, input, composition, and editor owners.
XRENGINE/Scene/Components/Debug/Draw/DebugDrawComponent.cs	XREngine.Components.DebugDrawComponent	1	Move	XREngine.Runtime.Rendering	Pending		Debug visualization, mesh publication, and camera-facing transforms belong to Runtime.Rendering.
XRENGINE/Scene/Components/Debug/Draw/DebugDrawComponent.DebugDrawBox.cs	XREngine.Components.DebugDrawBox;XREngine.Components.DebugDrawComponent	2	Move	XREngine.Runtime.Rendering	Pending		Debug visualization, mesh publication, and camera-facing transforms belong to Runtime.Rendering.
XRENGINE/Scene/Components/Debug/Draw/DebugDrawComponent.DebugDrawCapsule.cs	XREngine.Components.DebugDrawCapsule;XREngine.Components.DebugDrawComponent	2	Move	XREngine.Runtime.Rendering	Pending		Debug visualization, mesh publication, and camera-facing transforms belong to Runtime.Rendering.
XRENGINE/Scene/Components/Debug/Draw/DebugDrawComponent.DebugDrawCircle.cs	XREngine.Components.DebugDrawCircle;XREngine.Components.DebugDrawComponent	2	Move	XREngine.Runtime.Rendering	Pending		Debug visualization, mesh publication, and camera-facing transforms belong to Runtime.Rendering.
XRENGINE/Scene/Components/Debug/Draw/DebugDrawComponent.DebugDrawCone.cs	XREngine.Components.DebugDrawComponent;XREngine.Components.DebugDrawCone	2	Move	XREngine.Runtime.Rendering	Pending		Debug visualization, mesh publication, and camera-facing transforms belong to Runtime.Rendering.
XRENGINE/Scene/Components/Debug/Draw/DebugDrawComponent.DebugDrawCylinder.cs	XREngine.Components.DebugDrawComponent;XREngine.Components.DebugDrawCylinder	2	Move	XREngine.Runtime.Rendering	Pending		Debug visualization, mesh publication, and camera-facing transforms belong to Runtime.Rendering.
XRENGINE/Scene/Components/Debug/Draw/DebugDrawComponent.DebugDrawLine.cs	XREngine.Components.DebugDrawComponent;XREngine.Components.DebugDrawLine	2	Move	XREngine.Runtime.Rendering	Pending		Debug visualization, mesh publication, and camera-facing transforms belong to Runtime.Rendering.
XRENGINE/Scene/Components/Debug/Draw/DebugDrawComponent.DebugDrawPoint.cs	XREngine.Components.DebugDrawComponent;XREngine.Components.DebugDrawPoint	2	Move	XREngine.Runtime.Rendering	Pending		Debug visualization, mesh publication, and camera-facing transforms belong to Runtime.Rendering.
XRENGINE/Scene/Components/Debug/Draw/DebugDrawComponent.DebugDrawSphere.cs	XREngine.Components.DebugDrawComponent;XREngine.Components.DebugDrawSphere	2	Move	XREngine.Runtime.Rendering	Pending		Debug visualization, mesh publication, and camera-facing transforms belong to Runtime.Rendering.
XRENGINE/Scene/Components/Debug/Draw/DebugDrawComponent.DebugShapeBase.cs	XREngine.Components.DebugDrawComponent;XREngine.Components.DebugShapeBase	2	Move	XREngine.Runtime.Rendering	Pending		Debug visualization, mesh publication, and camera-facing transforms belong to Runtime.Rendering.
XRENGINE/Scene/Components/Debug/Visualize/DebugVisualize2DComponent.cs	XREngine.Components.DebugVisualize2DComponent	1	Move	XREngine.Runtime.Rendering	Pending		Debug visualization, mesh publication, and camera-facing transforms belong to Runtime.Rendering.
XRENGINE/Scene/Components/Debug/Visualize/DebugVisualize3DComponent.cs	XREngine.Components.DebugVisualize3DComponent	1	Move	XREngine.Runtime.Rendering	Pending		Debug visualization, mesh publication, and camera-facing transforms belong to Runtime.Rendering.
XRENGINE/Scene/Components/Debug/Visualize/ModelBvhPreviewComponent.cs	XREngine.Components.ModelBvhPreviewComponent	1	Move	XREngine.Runtime.Rendering	Pending		Debug visualization, mesh publication, and camera-facing transforms belong to Runtime.Rendering.
XRENGINE/Scene/Components/Mesh/LitBoxBatchComponent.cs	XREngine.Components.Scene.Mesh.LitBoxBatchComponent	1	Move	XREngine.Runtime.Rendering	Pending		Debug visualization, mesh publication, and camera-facing transforms belong to Runtime.Rendering.
XRENGINE/Scene/Components/Mesh/LitBoxBatchEntry.cs	XREngine.Components.Scene.Mesh.LitBoxBatchEntry	1	Move	XREngine.Runtime.Rendering	Pending		Debug visualization, mesh publication, and camera-facing transforms belong to Runtime.Rendering.
XRENGINE/Scene/Components/Movement/CharacterMovementComponent.cs	XREngine.Components.Movement.CharacterMovement3DComponent;XREngine.Components.Movement.ECrouchState;XREngine.Components.Movement.EMovementMode	3	Move	XREngine.Runtime.Core	Pending		General scene, prefab, movement, and world-owned component behavior belongs to Runtime.Core.
XRENGINE/Scene/Components/Movement/PlayerMovementComponentBase.cs	XREngine.Components.Movement.PlayerMovementComponentBase	1	Move	XREngine.Runtime.InputIntegration	Pending		The source converts local/VR input into runtime controller behavior.
XRENGINE/Scene/Components/Pawns/CharacterPawnComponent.cs	XREngine.Components.CharacterPawnComponent	1	Split	XREngine.Runtime.Core;XREngine.Runtime.InputIntegration	Pending		Runtime.Core owns pawn/world state while InputIntegration owns possession and controller routing.
XRENGINE/Scene/Components/Pawns/PawnComponentRenderingExtensions.cs	XREngine.Components.PawnComponentRenderingExtensions	1	Move	XREngine.Runtime.Rendering	Pending		Debug visualization, mesh publication, and camera-facing transforms belong to Runtime.Rendering.
XRENGINE/Scene/Components/Pawns/VRPlayerInputSet.cs	XREngine.Components.EVRActionCategory;XREngine.Components.EVRGameAction;XREngine.Components.VRPlayerInputSet	3	Move	XREngine.Runtime.InputIntegration	Pending		The source converts local/VR input into runtime controller behavior.
XRENGINE/Scene/Components/Physics/ConvexHullDiskCache.cs	XREngine.Components.Physics.ConvexHullDiskCache	0	Move	XREngine.Runtime.Core	Pending		Non-visual physics components, simulation state, queries, controllers, and scheduling belong to Runtime.Core.
XRENGINE/Scene/Components/Physics/ConvexHullUtility.cs	XREngine.Components.Physics.ConvexHullUtility	0	Move	XREngine.Runtime.Core	Pending		Non-visual physics components, simulation state, queries, controllers, and scheduling belong to Runtime.Core.
XRENGINE/Scene/Components/Physics/ConvexPhysicsActorComponent.cs	XREngine.Components.Physics.CoAcdRunner;XREngine.Components.Physics.ConvexHullGenerationProgress;XREngine.Components.Physics.ConvexHullGenerationStatus;XREngine.Components.Physics.ConvexPhysicsActorComponent;XREngine.Components.Physics.IConvexDecompositionRunner	3	Move	XREngine.Runtime.Core	Pending		Non-visual physics components, simulation state, queries, controllers, and scheduling belong to Runtime.Core.
XRENGINE/Scene/Components/Physics/CPU/IPhysicsChainCpuBatchExecutor.cs	XREngine.Components.IPhysicsChainCpuBatchExecutor	1	Move	XREngine.Runtime.Core	Pending		Non-visual physics components, simulation state, queries, controllers, and scheduling belong to Runtime.Core.
XRENGINE/Scene/Components/Physics/CPU/PhysicsChainAvx2LinearBatchKernel.cs	XREngine.Components.PhysicsChainAvx2LinearBatchKernel	0	Move	XREngine.Runtime.Core	Pending		Non-visual physics components, simulation state, queries, controllers, and scheduling belong to Runtime.Core.
XRENGINE/Scene/Components/Physics/CPU/PhysicsChainCpuBackend.ColliderGrouping.cs	XREngine.Components.PhysicsChainCpuBackend	1	Move	XREngine.Runtime.Core	Pending		Non-visual physics components, simulation state, queries, controllers, and scheduling belong to Runtime.Core.
XRENGINE/Scene/Components/Physics/CPU/PhysicsChainCpuBackend.cs	XREngine.Components.PhysicsChainCpuBackend	1	Move	XREngine.Runtime.Core	Pending		Non-visual physics components, simulation state, queries, controllers, and scheduling belong to Runtime.Core.
XRENGINE/Scene/Components/Physics/CPU/PhysicsChainCpuBackendSnapshot.cs	XREngine.Components.PhysicsChainCpuBackendSnapshot	1	Move	XREngine.Runtime.Core	Pending		Non-visual physics components, simulation state, queries, controllers, and scheduling belong to Runtime.Core.
XRENGINE/Scene/Components/Physics/CPU/PhysicsChainCpuBounds.cs	XREngine.Components.PhysicsChainCpuBounds	1	Move	XREngine.Runtime.Core	Pending		Non-visual physics components, simulation state, queries, controllers, and scheduling belong to Runtime.Core.
XRENGINE/Scene/Components/Physics/CPU/PhysicsChainCpuCollider.cs	XREngine.Components.PhysicsChainCpuCollider	1	Move	XREngine.Runtime.Core	Pending		Non-visual physics components, simulation state, queries, controllers, and scheduling belong to Runtime.Core.
XRENGINE/Scene/Components/Physics/CPU/PhysicsChainCpuColliderKind.cs	XREngine.Components.PhysicsChainCpuColliderKind	1	Move	XREngine.Runtime.Core	Pending		Non-visual physics components, simulation state, queries, controllers, and scheduling belong to Runtime.Core.
XRENGINE/Scene/Components/Physics/CPU/PhysicsChainCpuConsumerFlags.cs	XREngine.Components.PhysicsChainCpuConsumerFlags	1	Move	XREngine.Runtime.Core	Pending		Non-visual physics components, simulation state, queries, controllers, and scheduling belong to Runtime.Core.
XRENGINE/Scene/Components/Physics/CPU/PhysicsChainCpuInput.cs	XREngine.Components.PhysicsChainCpuInput	1	Move	XREngine.Runtime.Core	Pending		Non-visual physics components, simulation state, queries, controllers, and scheduling belong to Runtime.Core.
XRENGINE/Scene/Components/Physics/CPU/PhysicsChainCpuInstance.cs	XREngine.Components.PhysicsChainCpuInstance	1	Move	XREngine.Runtime.Core	Pending		Non-visual physics components, simulation state, queries, controllers, and scheduling belong to Runtime.Core.
XRENGINE/Scene/Components/Physics/CPU/PhysicsChainCpuKernelFamily.cs	XREngine.Components.PhysicsChainCpuKernelFamily	1	Move	XREngine.Runtime.Core	Pending		Non-visual physics components, simulation state, queries, controllers, and scheduling belong to Runtime.Core.
XRENGINE/Scene/Components/Physics/CPU/PhysicsChainCpuKernelSelector.cs	XREngine.Components.PhysicsChainCpuKernelSelector	1	Move	XREngine.Runtime.Core	Pending		Non-visual physics components, simulation state, queries, controllers, and scheduling belong to Runtime.Core.
XRENGINE/Scene/Components/Physics/CPU/PhysicsChainCpuMirrorPolicy.cs	XREngine.Components.PhysicsChainCpuMirrorPolicy	1	Move	XREngine.Runtime.Core	Pending		Non-visual physics components, simulation state, queries, controllers, and scheduling belong to Runtime.Core.
XRENGINE/Scene/Components/Physics/CPU/PhysicsChainCpuOutput.cs	XREngine.Components.PhysicsChainCpuOutput	1	Move	XREngine.Runtime.Core	Pending		Non-visual physics components, simulation state, queries, controllers, and scheduling belong to Runtime.Core.
XRENGINE/Scene/Components/Physics/CPU/PhysicsChainCpuOutputPolicy.cs	XREngine.Components.PhysicsChainCpuOutputPolicy	1	Move	XREngine.Runtime.Core	Pending		Non-visual physics components, simulation state, queries, controllers, and scheduling belong to Runtime.Core.
XRENGINE/Scene/Components/Physics/CPU/PhysicsChainCpuParticleInput.cs	XREngine.Components.PhysicsChainCpuParticleInput	1	Move	XREngine.Runtime.Core	Pending		Non-visual physics components, simulation state, queries, controllers, and scheduling belong to Runtime.Core.
XRENGINE/Scene/Components/Physics/CPU/PhysicsChainCpuRenderOutput.cs	XREngine.Components.PhysicsChainCpuRenderOutput	1	Split	XREngine.Runtime.Core;XREngine.Runtime.Rendering	Pending		Keep simulation/snapshots in Runtime.Core and move GPU/readback/visual publication to Runtime.Rendering.
XRENGINE/Scene/Components/Physics/CPU/PhysicsChainCpuRuntimeInstance.cs	XREngine.Components.PhysicsChainCpuRuntimeInstance	0	Move	XREngine.Runtime.Core	Pending		Non-visual physics components, simulation state, queries, controllers, and scheduling belong to Runtime.Core.
XRENGINE/Scene/Components/Physics/CPU/PhysicsChainCpuSharedColliderSet.cs	XREngine.Components.PhysicsChainCpuSharedColliderSet	1	Move	XREngine.Runtime.Core	Pending		Non-visual physics components, simulation state, queries, controllers, and scheduling belong to Runtime.Core.
XRENGINE/Scene/Components/Physics/CPU/PhysicsChainCpuSharedColliderSetSnapshot.cs	XREngine.Components.PhysicsChainCpuSharedColliderSetSnapshot	1	Move	XREngine.Runtime.Core	Pending		Non-visual physics components, simulation state, queries, controllers, and scheduling belong to Runtime.Core.
XRENGINE/Scene/Components/Physics/CPU/PhysicsChainCpuSkinPaletteComposer.cs	XREngine.Components.PhysicsChainCpuSkinPaletteComposer	1	Split	XREngine.Runtime.Core;XREngine.Runtime.Rendering	Pending		Keep simulation/snapshots in Runtime.Core and move GPU/readback/visual publication to Runtime.Rendering.
XRENGINE/Scene/Components/Physics/CPU/PhysicsChainCpuSkinPaletteMapping.cs	XREngine.Components.PhysicsChainCpuSkinPaletteMapping	1	Split	XREngine.Runtime.Core;XREngine.Runtime.Rendering	Pending		Keep simulation/snapshots in Runtime.Core and move GPU/readback/visual publication to Runtime.Rendering.
XRENGINE/Scene/Components/Physics/CPU/PhysicsChainCpuSkinPaletteMatrix.cs	XREngine.Components.PhysicsChainCpuSkinPaletteMatrix	1	Split	XREngine.Runtime.Core;XREngine.Runtime.Rendering	Pending		Keep simulation/snapshots in Runtime.Core and move GPU/readback/visual publication to Runtime.Rendering.
XRENGINE/Scene/Components/Physics/CPU/PhysicsChainCpuState.cs	XREngine.Components.PhysicsChainCpuState	1	Move	XREngine.Runtime.Core	Pending		Non-visual physics components, simulation state, queries, controllers, and scheduling belong to Runtime.Core.
XRENGINE/Scene/Components/Physics/CPU/PhysicsChainCpuTreeInput.cs	XREngine.Components.PhysicsChainCpuTreeInput	1	Move	XREngine.Runtime.Core	Pending		Non-visual physics components, simulation state, queries, controllers, and scheduling belong to Runtime.Core.
XRENGINE/Scene/Components/Physics/CPU/PhysicsChainCpuWorkScheduler.cs	XREngine.Components.PhysicsChainCpuWorkScheduler	1	Move	XREngine.Runtime.Core	Pending		Non-visual physics components, simulation state, queries, controllers, and scheduling belong to Runtime.Core.
XRENGINE/Scene/Components/Physics/CPU/PhysicsChainCpuWorkSchedulerSnapshot.cs	XREngine.Components.PhysicsChainCpuWorkSchedulerSnapshot	1	Move	XREngine.Runtime.Core	Pending		Non-visual physics components, simulation state, queries, controllers, and scheduling belong to Runtime.Core.
XRENGINE/Scene/Components/Physics/CPU/PhysicsChainDepthOrderedBranchedKernel.cs	XREngine.Components.PhysicsChainDepthOrderedBranchedKernel	1	Move	XREngine.Runtime.Core	Pending		Non-visual physics components, simulation state, queries, controllers, and scheduling belong to Runtime.Core.
XRENGINE/Scene/Components/Physics/CPU/PhysicsChainScalarReferenceKernel.cs	XREngine.Components.PhysicsChainScalarReferenceKernel	1	Move	XREngine.Runtime.Core	Pending		Non-visual physics components, simulation state, queries, controllers, and scheduling belong to Runtime.Core.
XRENGINE/Scene/Components/Physics/DynamicRigidBodyComponent.cs	XREngine.Components.Physics.DynamicRigidBodyComponent	1	Move	XREngine.Runtime.Core	Pending		Non-visual physics components, simulation state, queries, controllers, and scheduling belong to Runtime.Core.
XRENGINE/Scene/Components/Physics/GPUSoftbodyComponent.cs	XREngine.Components.GPUSoftbodyComponent	1	Split	XREngine.Runtime.Core;XREngine.Runtime.Rendering	Pending		Keep simulation/snapshots in Runtime.Core and move GPU/readback/visual publication to Runtime.Rendering.
XRENGINE/Scene/Components/Physics/Joints/D6JointComponent.cs	XREngine.Components.Physics.D6JointComponent	1	Move	XREngine.Runtime.Core	Pending		Non-visual physics components, simulation state, queries, controllers, and scheduling belong to Runtime.Core.
XRENGINE/Scene/Components/Physics/Joints/DistanceJointComponent.cs	XREngine.Components.Physics.DistanceJointComponent	1	Move	XREngine.Runtime.Core	Pending		Non-visual physics components, simulation state, queries, controllers, and scheduling belong to Runtime.Core.
XRENGINE/Scene/Components/Physics/Joints/FixedJointComponent.cs	XREngine.Components.Physics.FixedJointComponent	1	Move	XREngine.Runtime.Core	Pending		Non-visual physics components, simulation state, queries, controllers, and scheduling belong to Runtime.Core.
XRENGINE/Scene/Components/Physics/Joints/HingeJointComponent.cs	XREngine.Components.Physics.HingeJointComponent	1	Move	XREngine.Runtime.Core	Pending		Non-visual physics components, simulation state, queries, controllers, and scheduling belong to Runtime.Core.
XRENGINE/Scene/Components/Physics/Joints/PhysicsJointComponent.cs	XREngine.Components.Physics.PhysicsJointComponent	1	Move	XREngine.Runtime.Core	Pending		Non-visual physics components, simulation state, queries, controllers, and scheduling belong to Runtime.Core.
XRENGINE/Scene/Components/Physics/Joints/PrismaticJointComponent.cs	XREngine.Components.Physics.PrismaticJointComponent	1	Move	XREngine.Runtime.Core	Pending		Non-visual physics components, simulation state, queries, controllers, and scheduling belong to Runtime.Core.
XRENGINE/Scene/Components/Physics/Joints/SphericalJointComponent.cs	XREngine.Components.Physics.SphericalJointComponent	1	Move	XREngine.Runtime.Core	Pending		Non-visual physics components, simulation state, queries, controllers, and scheduling belong to Runtime.Core.
XRENGINE/Scene/Components/Physics/PhysicsChainAabb.cs	XREngine.Components.PhysicsChainAabb	1	Move	XREngine.Runtime.Core	Pending		Non-visual physics components, simulation state, queries, controllers, and scheduling belong to Runtime.Core.
XRENGINE/Scene/Components/Physics/PhysicsChainActivityCounters.cs	XREngine.Components.PhysicsChainActivityCounters	1	Move	XREngine.Runtime.Core	Pending		Non-visual physics components, simulation state, queries, controllers, and scheduling belong to Runtime.Core.
XRENGINE/Scene/Components/Physics/PhysicsChainActivityEvaluation.cs	XREngine.Components.PhysicsChainActivityEvaluation	1	Move	XREngine.Runtime.Core	Pending		Non-visual physics components, simulation state, queries, controllers, and scheduling belong to Runtime.Core.
XRENGINE/Scene/Components/Physics/PhysicsChainActivitySignals.cs	XREngine.Components.PhysicsChainActivitySignals	1	Move	XREngine.Runtime.Core	Pending		Non-visual physics components, simulation state, queries, controllers, and scheduling belong to Runtime.Core.
XRENGINE/Scene/Components/Physics/PhysicsChainActivitySnapshot.cs	XREngine.Components.PhysicsChainActivitySnapshot	1	Move	XREngine.Runtime.Core	Pending		Non-visual physics components, simulation state, queries, controllers, and scheduling belong to Runtime.Core.
XRENGINE/Scene/Components/Physics/PhysicsChainActivityThresholds.cs	XREngine.Components.PhysicsChainActivityThresholds	1	Move	XREngine.Runtime.Core	Pending		Non-visual physics components, simulation state, queries, controllers, and scheduling belong to Runtime.Core.
XRENGINE/Scene/Components/Physics/PhysicsChainArenaCapacityException.cs	XREngine.Components.PhysicsChainArenaCapacityException	1	Move	XREngine.Runtime.Core	Pending		Non-visual physics components, simulation state, queries, controllers, and scheduling belong to Runtime.Core.
XRENGINE/Scene/Components/Physics/PhysicsChainArenaCompactionDecision.cs	XREngine.Components.PhysicsChainArenaCompactionDecision	1	Move	XREngine.Runtime.Core	Pending		Non-visual physics components, simulation state, queries, controllers, and scheduling belong to Runtime.Core.
XRENGINE/Scene/Components/Physics/PhysicsChainArenaCompactionDecisionKind.cs	XREngine.Components.PhysicsChainArenaCompactionDecisionKind	1	Move	XREngine.Runtime.Core	Pending		Non-visual physics components, simulation state, queries, controllers, and scheduling belong to Runtime.Core.
XRENGINE/Scene/Components/Physics/PhysicsChainArenaCompactionPolicy.cs	XREngine.Components.PhysicsChainArenaCompactionPolicy	1	Move	XREngine.Runtime.Core	Pending		Non-visual physics components, simulation state, queries, controllers, and scheduling belong to Runtime.Core.
XRENGINE/Scene/Components/Physics/PhysicsChainArenaHandle.cs	XREngine.Components.PhysicsChainArenaHandle	1	Move	XREngine.Runtime.Core	Pending		Non-visual physics components, simulation state, queries, controllers, and scheduling belong to Runtime.Core.
XRENGINE/Scene/Components/Physics/PhysicsChainArenaSlice.cs	XREngine.Components.PhysicsChainArenaSlice	1	Move	XREngine.Runtime.Core	Pending		Non-visual physics components, simulation state, queries, controllers, and scheduling belong to Runtime.Core.
XRENGINE/Scene/Components/Physics/PhysicsChainArenaSnapshot.cs	XREngine.Components.PhysicsChainArenaSnapshot	1	Move	XREngine.Runtime.Core	Pending		Non-visual physics components, simulation state, queries, controllers, and scheduling belong to Runtime.Core.
XRENGINE/Scene/Components/Physics/PhysicsChainAutomaticQualityEvaluation.cs	XREngine.Components.PhysicsChainAutomaticQualityEvaluation	1	Move	XREngine.Runtime.Core	Pending		Non-visual physics components, simulation state, queries, controllers, and scheduling belong to Runtime.Core.
XRENGINE/Scene/Components/Physics/PhysicsChainAutomaticQualityObservation.cs	XREngine.Components.PhysicsChainAutomaticQualityObservation	1	Move	XREngine.Runtime.Core	Pending		Non-visual physics components, simulation state, queries, controllers, and scheduling belong to Runtime.Core.
XRENGINE/Scene/Components/Physics/PhysicsChainAutomaticRelevance.cs	XREngine.Components.PhysicsChainAutomaticRelevance	1	Move	XREngine.Runtime.Core	Pending		Non-visual physics components, simulation state, queries, controllers, and scheduling belong to Runtime.Core.
XRENGINE/Scene/Components/Physics/PhysicsChainBackendStatus.cs	XREngine.Components.PhysicsChainBackendStatus	1	Move	XREngine.Runtime.Core	Pending		Non-visual physics components, simulation state, queries, controllers, and scheduling belong to Runtime.Core.
XRENGINE/Scene/Components/Physics/PhysicsChainCoefficientPack.cs	XREngine.Components.PhysicsChainCoefficientPack	1	Move	XREngine.Runtime.Core	Pending		Non-visual physics components, simulation state, queries, controllers, and scheduling belong to Runtime.Core.
XRENGINE/Scene/Components/Physics/PhysicsChainCollider.cs	XREngine.Components.PhysicsChainCollider	1	Move	XREngine.Runtime.Core	Pending		Non-visual physics components, simulation state, queries, controllers, and scheduling belong to Runtime.Core.
XRENGINE/Scene/Components/Physics/PhysicsChainColliderBroadphase.cs	XREngine.Components.Node;XREngine.Components.PhysicsChainColliderBroadphase	1	Move	XREngine.Runtime.Core	Pending		Non-visual physics components, simulation state, queries, controllers, and scheduling belong to Runtime.Core.
XRENGINE/Scene/Components/Physics/PhysicsChainColliderBroadphaseDecision.cs	XREngine.Components.PhysicsChainColliderBroadphaseDecision	1	Move	XREngine.Runtime.Core	Pending		Non-visual physics components, simulation state, queries, controllers, and scheduling belong to Runtime.Core.
XRENGINE/Scene/Components/Physics/PhysicsChainColliderBroadphaseOwner.cs	XREngine.Components.PhysicsChainColliderBroadphaseOwner	1	Move	XREngine.Runtime.Core	Pending		Non-visual physics components, simulation state, queries, controllers, and scheduling belong to Runtime.Core.
XRENGINE/Scene/Components/Physics/PhysicsChainColliderBroadphasePolicy.cs	XREngine.Components.PhysicsChainColliderBroadphasePolicy	1	Move	XREngine.Runtime.Core	Pending		Non-visual physics components, simulation state, queries, controllers, and scheduling belong to Runtime.Core.
XRENGINE/Scene/Components/Physics/PhysicsChainColliderCandidateQueryResult.cs	XREngine.Components.PhysicsChainColliderCandidateQueryResult	1	Move	XREngine.Runtime.Core	Pending		Non-visual physics components, simulation state, queries, controllers, and scheduling belong to Runtime.Core.
XRENGINE/Scene/Components/Physics/PhysicsChainColliderKind.cs	XREngine.Components.PhysicsChainColliderKind	0	Move	XREngine.Runtime.Core	Pending		Non-visual physics components, simulation state, queries, controllers, and scheduling belong to Runtime.Core.
XRENGINE/Scene/Components/Physics/PhysicsChainColliderPoseBuffer.cs	XREngine.Components.PhysicsChainColliderPoseBuffer	1	Move	XREngine.Runtime.Core	Pending		Non-visual physics components, simulation state, queries, controllers, and scheduling belong to Runtime.Core.
XRENGINE/Scene/Components/Physics/PhysicsChainColliderPoseOwner.cs	XREngine.Components.PhysicsChainColliderPoseOwner	1	Move	XREngine.Runtime.Core	Pending		Non-visual physics components, simulation state, queries, controllers, and scheduling belong to Runtime.Core.
XRENGINE/Scene/Components/Physics/PhysicsChainColliderRuntimeSet.cs	XREngine.Components.PhysicsChainColliderRuntimeSet	1	Move	XREngine.Runtime.Core	Pending		Non-visual physics components, simulation state, queries, controllers, and scheduling belong to Runtime.Core.
XRENGINE/Scene/Components/Physics/PhysicsChainColliderRuntimeSetSnapshot.cs	XREngine.Components.PhysicsChainColliderRuntimeSetSnapshot	1	Move	XREngine.Runtime.Core	Pending		Non-visual physics components, simulation state, queries, controllers, and scheduling belong to Runtime.Core.
XRENGINE/Scene/Components/Physics/PhysicsChainColliderSet.cs	XREngine.Components.PhysicsChainColliderSet	1	Move	XREngine.Runtime.Core	Pending		Non-visual physics components, simulation state, queries, controllers, and scheduling belong to Runtime.Core.
XRENGINE/Scene/Components/Physics/PhysicsChainColliderSetCache.cs	XREngine.Components.PhysicsChainColliderSetCache	0	Move	XREngine.Runtime.Core	Pending		Non-visual physics components, simulation state, queries, controllers, and scheduling belong to Runtime.Core.
XRENGINE/Scene/Components/Physics/PhysicsChainColliderSetCacheSnapshot.cs	XREngine.Components.PhysicsChainColliderSetCacheSnapshot	1	Move	XREngine.Runtime.Core	Pending		Non-visual physics components, simulation state, queries, controllers, and scheduling belong to Runtime.Core.
XRENGINE/Scene/Components/Physics/PhysicsChainColliderSetFactory.cs	XREngine.Components.PhysicsChainColliderSetFactory	1	Move	XREngine.Runtime.Core	Pending		Non-visual physics components, simulation state, queries, controllers, and scheduling belong to Runtime.Core.
XRENGINE/Scene/Components/Physics/PhysicsChainColliderShape.cs	XREngine.Components.PhysicsChainColliderShape	1	Move	XREngine.Runtime.Core	Pending		Non-visual physics components, simulation state, queries, controllers, and scheduling belong to Runtime.Core.
XRENGINE/Scene/Components/Physics/PhysicsChainColliderShapeKind.cs	XREngine.Components.PhysicsChainColliderShapeKind	1	Move	XREngine.Runtime.Core	Pending		Non-visual physics components, simulation state, queries, controllers, and scheduling belong to Runtime.Core.
XRENGINE/Scene/Components/Physics/PhysicsChainColliderSnapshot.cs	XREngine.Components.PhysicsChainColliderSnapshot	0	Move	XREngine.Runtime.Core	Pending		Non-visual physics components, simulation state, queries, controllers, and scheduling belong to Runtime.Core.
XRENGINE/Scene/Components/Physics/PhysicsChainCompatibilityFeatures.cs	XREngine.Components.PhysicsChainCompatibilityFeatures	1	Move	XREngine.Runtime.Core	Pending		Non-visual physics components, simulation state, queries, controllers, and scheduling belong to Runtime.Core.
XRENGINE/Scene/Components/Physics/PhysicsChainComponent Fields.cs	XREngine.Components.EFreezeAxis;XREngine.Components.EInterpolationMode;XREngine.Components.EUpdateMode;XREngine.Components.PhysicsChainComponent	4	Move	XREngine.Runtime.Core	Pending		Non-visual physics components, simulation state, queries, controllers, and scheduling belong to Runtime.Core.
XRENGINE/Scene/Components/Physics/PhysicsChainComponent.CPU.cs	XREngine.Components.PhysicsChainComponent	1	Move	XREngine.Runtime.Core	Pending		Non-visual physics components, simulation state, queries, controllers, and scheduling belong to Runtime.Core.
XRENGINE/Scene/Components/Physics/PhysicsChainComponent.cs	XREngine.Components.PhysicsChainComponent	1	Move	XREngine.Runtime.Core	Pending		Non-visual physics components, simulation state, queries, controllers, and scheduling belong to Runtime.Core.
XRENGINE/Scene/Components/Physics/PhysicsChainComponent.Diagnostics.cs	XREngine.Components.PhysicsChainComponent	1	Split	XREngine.Runtime.Core;XREngine.Runtime.Rendering	Pending		Keep simulation/snapshots in Runtime.Core and move GPU/readback/visual publication to Runtime.Rendering.
XRENGINE/Scene/Components/Physics/PhysicsChainComponent.GPU.cs	XREngine.Components.GpuDrivenRendererState;XREngine.Components.PhysicsChainComponent	1	Split	XREngine.Runtime.Core;XREngine.Runtime.Rendering	Pending		Keep simulation/snapshots in Runtime.Core and move GPU/readback/visual publication to Runtime.Rendering.
XRENGINE/Scene/Components/Physics/PhysicsChainComponent.Lifecycle.cs	XREngine.Components.PhysicsChainComponent	1	Move	XREngine.Runtime.Core	Pending		Non-visual physics components, simulation state, queries, controllers, and scheduling belong to Runtime.Core.
XRENGINE/Scene/Components/Physics/PhysicsChainComponent.Particle.cs	XREngine.Components.Particle;XREngine.Components.PhysicsChainComponent	1	Move	XREngine.Runtime.Core	Pending		Non-visual physics components, simulation state, queries, controllers, and scheduling belong to Runtime.Core.
XRENGINE/Scene/Components/Physics/PhysicsChainComponent.ParticleTree.cs	XREngine.Components.ParticleTree;XREngine.Components.PhysicsChainComponent	1	Move	XREngine.Runtime.Core	Pending		Non-visual physics components, simulation state, queries, controllers, and scheduling belong to Runtime.Core.
XRENGINE/Scene/Components/Physics/PhysicsChainComponent.Quality.cs	XREngine.Components.PhysicsChainComponent	1	Move	XREngine.Runtime.Core	Pending		Non-visual physics components, simulation state, queries, controllers, and scheduling belong to Runtime.Core.
XRENGINE/Scene/Components/Physics/PhysicsChainComponent.QualityOutput.cs	XREngine.Components.PhysicsChainComponent	1	Split	XREngine.Runtime.Core;XREngine.Runtime.Rendering	Pending		Keep simulation/snapshots in Runtime.Core and move GPU/readback/visual publication to Runtime.Rendering.
XRENGINE/Scene/Components/Physics/PhysicsChainComponent.RenderingCompute.cs	XREngine.Components.PhysicsChainComponent;XREngine.Components.PhysicsChainWorld	2	Split	XREngine.Runtime.Core;XREngine.Runtime.Rendering	Pending		Keep simulation/snapshots in Runtime.Core and move GPU/readback/visual publication to Runtime.Rendering.
XRENGINE/Scene/Components/Physics/PhysicsChainComponent.Template.cs	XREngine.Components.PhysicsChainComponent	1	Move	XREngine.Runtime.Core	Pending		Non-visual physics components, simulation state, queries, controllers, and scheduling belong to Runtime.Core.
XRENGINE/Scene/Components/Physics/PhysicsChainCpuMirrorStatus.cs	XREngine.Components.PhysicsChainCpuMirrorStatus	1	Move	XREngine.Runtime.Core	Pending		Non-visual physics components, simulation state, queries, controllers, and scheduling belong to Runtime.Core.
XRENGINE/Scene/Components/Physics/PhysicsChainDeferredLifetimeArena.cs	XREngine.Components.PendingRetirement;XREngine.Components.PhysicsChainDeferredLifetimeArena	1	Move	XREngine.Runtime.Core	Pending		Non-visual physics components, simulation state, queries, controllers, and scheduling belong to Runtime.Core.
XRENGINE/Scene/Components/Physics/PhysicsChainDepthRange.cs	XREngine.Components.PhysicsChainDepthRange	1	Move	XREngine.Runtime.Core	Pending		Non-visual physics components, simulation state, queries, controllers, and scheduling belong to Runtime.Core.
XRENGINE/Scene/Components/Physics/PhysicsChainGpuKernelMask.cs	XREngine.Components.PhysicsChainGpuKernelMask	1	Move	XREngine.Runtime.Core	Pending		Non-visual physics components, simulation state, queries, controllers, and scheduling belong to Runtime.Core.
XRENGINE/Scene/Components/Physics/PhysicsChainInfluenceBounds.cs	XREngine.Components.PhysicsChainInfluenceBounds	1	Move	XREngine.Runtime.Core	Pending		Non-visual physics components, simulation state, queries, controllers, and scheduling belong to Runtime.Core.
XRENGINE/Scene/Components/Physics/PhysicsChainInstance.cs	XREngine.Components.PhysicsChainInstance	1	Move	XREngine.Runtime.Core	Pending		Non-visual physics components, simulation state, queries, controllers, and scheduling belong to Runtime.Core.
XRENGINE/Scene/Components/Physics/PhysicsChainInstanceFlags.cs	XREngine.Components.PhysicsChainInstanceFlags	1	Move	XREngine.Runtime.Core	Pending		Non-visual physics components, simulation state, queries, controllers, and scheduling belong to Runtime.Core.
XRENGINE/Scene/Components/Physics/PhysicsChainOffscreenBehavior.cs	XREngine.Components.PhysicsChainOffscreenBehavior	1	Move	XREngine.Runtime.Core	Pending		Non-visual physics components, simulation state, queries, controllers, and scheduling belong to Runtime.Core.
XRENGINE/Scene/Components/Physics/PhysicsChainOutput.cs	XREngine.Components.PhysicsChainOutput	1	Move	XREngine.Runtime.Core	Pending		Non-visual physics components, simulation state, queries, controllers, and scheduling belong to Runtime.Core.
XRENGINE/Scene/Components/Physics/PhysicsChainOutputCadence.cs	XREngine.Components.PhysicsChainOutputCadence	1	Move	XREngine.Runtime.Core	Pending		Non-visual physics components, simulation state, queries, controllers, and scheduling belong to Runtime.Core.
XRENGINE/Scene/Components/Physics/PhysicsChainOutputControl.cs	XREngine.Components.PhysicsChainOutputControl	1	Move	XREngine.Runtime.Core	Pending		Non-visual physics components, simulation state, queries, controllers, and scheduling belong to Runtime.Core.
XRENGINE/Scene/Components/Physics/PhysicsChainPaletteInterpolation.cs	XREngine.Components.PhysicsChainPaletteInterpolation	1	Move	XREngine.Runtime.Core	Pending		Non-visual physics components, simulation state, queries, controllers, and scheduling belong to Runtime.Core.
XRENGINE/Scene/Components/Physics/PhysicsChainPlaneCollider.cs	XREngine.Components.PhysicsChainPlaneCollider	1	Move	XREngine.Runtime.Core	Pending		Non-visual physics components, simulation state, queries, controllers, and scheduling belong to Runtime.Core.
XRENGINE/Scene/Components/Physics/PhysicsChainPolicyControl.cs	XREngine.Components.PhysicsChainPolicyControl	1	Move	XREngine.Runtime.Core	Pending		Non-visual physics components, simulation state, queries, controllers, and scheduling belong to Runtime.Core.
XRENGINE/Scene/Components/Physics/PhysicsChainQualityBudgetDiagnostics.cs	XREngine.Components.PhysicsChainQualityBudgetDiagnostics	1	Move	XREngine.Runtime.Core	Pending		Non-visual physics components, simulation state, queries, controllers, and scheduling belong to Runtime.Core.
XRENGINE/Scene/Components/Physics/PhysicsChainQualityDecisionReason.cs	XREngine.Components.PhysicsChainQualityDecisionReason	1	Move	XREngine.Runtime.Core	Pending		Non-visual physics components, simulation state, queries, controllers, and scheduling belong to Runtime.Core.
XRENGINE/Scene/Components/Physics/PhysicsChainQualityDiagnostics.cs	XREngine.Components.PhysicsChainQualityDiagnostics	1	Move	XREngine.Runtime.Core	Pending		Non-visual physics components, simulation state, queries, controllers, and scheduling belong to Runtime.Core.
XRENGINE/Scene/Components/Physics/PhysicsChainQualityFeedbackBackend.cs	XREngine.Components.PhysicsChainQualityFeedbackBackend	1	Move	XREngine.Runtime.Core	Pending		Non-visual physics components, simulation state, queries, controllers, and scheduling belong to Runtime.Core.
XRENGINE/Scene/Components/Physics/PhysicsChainQualityFeedbackRejectionReason.cs	XREngine.Components.PhysicsChainQualityFeedbackRejectionReason	1	Move	XREngine.Runtime.Core	Pending		Non-visual physics components, simulation state, queries, controllers, and scheduling belong to Runtime.Core.
XRENGINE/Scene/Components/Physics/PhysicsChainQualityFeedbackSample.cs	XREngine.Components.PhysicsChainQualityFeedbackSample	1	Move	XREngine.Runtime.Core	Pending		Non-visual physics components, simulation state, queries, controllers, and scheduling belong to Runtime.Core.
XRENGINE/Scene/Components/Physics/PhysicsChainQualityPolicy.cs	XREngine.Components.PhysicsChainQualityPolicy	1	Move	XREngine.Runtime.Core	Pending		Non-visual physics components, simulation state, queries, controllers, and scheduling belong to Runtime.Core.
XRENGINE/Scene/Components/Physics/PhysicsChainQualityTier.cs	XREngine.Components.PhysicsChainQualityTier	1	Move	XREngine.Runtime.Core	Pending		Non-visual physics components, simulation state, queries, controllers, and scheduling belong to Runtime.Core.
XRENGINE/Scene/Components/Physics/PhysicsChainReadbackService.cs	XREngine.Components.PhysicsChainReadbackService;XREngine.Components.RequestKey	0	Split	XREngine.Runtime.Core;XREngine.Runtime.Rendering	Pending		Keep simulation/snapshots in Runtime.Core and move GPU/readback/visual publication to Runtime.Rendering.
XRENGINE/Scene/Components/Physics/PhysicsChainReadbackService.Transfer.cs	XREngine.Components.PhysicsChainReadbackService;XREngine.Components.StagingSlot;XREngine.Components.StagingSlotState	0	Split	XREngine.Runtime.Core;XREngine.Runtime.Rendering	Pending		Keep simulation/snapshots in Runtime.Core and move GPU/readback/visual publication to Runtime.Rendering.
XRENGINE/Scene/Components/Physics/PhysicsChainRuntimeBackend.cs	XREngine.Components.PhysicsChainRuntimeBackend	1	Move	XREngine.Runtime.Core	Pending		Non-visual physics components, simulation state, queries, controllers, and scheduling belong to Runtime.Core.
XRENGINE/Scene/Components/Physics/PhysicsChainRuntimeDiagnostics.cs	XREngine.Components.PhysicsChainRuntimeDiagnostics	1	Move	XREngine.Runtime.Core	Pending		Non-visual physics components, simulation state, queries, controllers, and scheduling belong to Runtime.Core.
XRENGINE/Scene/Components/Physics/PhysicsChainSelectedActivityDiagnostic.cs	XREngine.Components.PhysicsChainSelectedActivityDiagnostic	1	Move	XREngine.Runtime.Core	Pending		Non-visual physics components, simulation state, queries, controllers, and scheduling belong to Runtime.Core.
XRENGINE/Scene/Components/Physics/PhysicsChainSlotArena.cs	XREngine.Components.PhysicsChainSlotArena	1	Move	XREngine.Runtime.Core	Pending		Non-visual physics components, simulation state, queries, controllers, and scheduling belong to Runtime.Core.
XRENGINE/Scene/Components/Physics/PhysicsChainState.cs	XREngine.Components.PhysicsChainState	1	Move	XREngine.Runtime.Core	Pending		Non-visual physics components, simulation state, queries, controllers, and scheduling belong to Runtime.Core.
XRENGINE/Scene/Components/Physics/PhysicsChainTemplate.cs	XREngine.Components.PhysicsChainTemplate;XREngine.Components.StableHash64	1	Move	XREngine.Runtime.Core	Pending		Non-visual physics components, simulation state, queries, controllers, and scheduling belong to Runtime.Core.
XRENGINE/Scene/Components/Physics/PhysicsChainTemplateCache.cs	XREngine.Components.PhysicsChainTemplateCache	0	Move	XREngine.Runtime.Core	Pending		Non-visual physics components, simulation state, queries, controllers, and scheduling belong to Runtime.Core.
XRENGINE/Scene/Components/Physics/PhysicsChainTemplateFactory.cs	XREngine.Components.PhysicsChainTemplateFactory	1	Move	XREngine.Runtime.Core	Pending		Non-visual physics components, simulation state, queries, controllers, and scheduling belong to Runtime.Core.
XRENGINE/Scene/Components/Physics/PhysicsChainTemplateFeatureMask.cs	XREngine.Components.PhysicsChainTemplateFeatureMask	1	Move	XREngine.Runtime.Core	Pending		Non-visual physics components, simulation state, queries, controllers, and scheduling belong to Runtime.Core.
XRENGINE/Scene/Components/Physics/PhysicsChainTemplateParticle.cs	XREngine.Components.PhysicsChainTemplateParticle	1	Move	XREngine.Runtime.Core	Pending		Non-visual physics components, simulation state, queries, controllers, and scheduling belong to Runtime.Core.
XRENGINE/Scene/Components/Physics/PhysicsChainTemplateTree.cs	XREngine.Components.PhysicsChainTemplateTree	1	Move	XREngine.Runtime.Core	Pending		Non-visual physics components, simulation state, queries, controllers, and scheduling belong to Runtime.Core.
XRENGINE/Scene/Components/Physics/PhysicsChainWakeReason.cs	XREngine.Components.PhysicsChainWakeReason	1	Move	XREngine.Runtime.Core	Pending		Non-visual physics components, simulation state, queries, controllers, and scheduling belong to Runtime.Core.
XRENGINE/Scene/Components/Physics/PhysicsChainWorld.ActivityDiagnostics.cs	XREngine.Components.PhysicsChainWorld	1	Move	XREngine.Runtime.Core	Pending		Non-visual physics components, simulation state, queries, controllers, and scheduling belong to Runtime.Core.
XRENGINE/Scene/Components/Physics/PhysicsChainWorld.CpuColliders.cs	XREngine.Components.PhysicsChainWorld	1	Move	XREngine.Runtime.Core	Pending		Non-visual physics components, simulation state, queries, controllers, and scheduling belong to Runtime.Core.
XRENGINE/Scene/Components/Physics/PhysicsChainWorld.cs	XREngine.Components.BatchWorkItem;XREngine.Components.CommandKind;XREngine.Components.PhysicsChainWorld;XREngine.Components.RuntimeSlot;XREngine.Components.StructuralCommand	1	Move	XREngine.Runtime.Core	Pending		Non-visual physics components, simulation state, queries, controllers, and scheduling belong to Runtime.Core.
XRENGINE/Scene/Components/Physics/PhysicsChainWorld.Lifecycle.cs	XREngine.Components.DynamicCommand;XREngine.Components.DynamicCommandKey;XREngine.Components.PhysicsChainWorld;XREngine.Components.RetiredArenaRegistration	1	Move	XREngine.Runtime.Core	Pending		Non-visual physics components, simulation state, queries, controllers, and scheduling belong to Runtime.Core.
XRENGINE/Scene/Components/Physics/PhysicsChainWorld.QualityBudget.cs	XREngine.Components.PhysicsChainWorld;XREngine.Components.QualityCandidate;XREngine.Components.QualityRuntimeState	1	Move	XREngine.Runtime.Core	Pending		Non-visual physics components, simulation state, queries, controllers, and scheduling belong to Runtime.Core.
XRENGINE/Scene/Components/Physics/PhysicsChainWorld.QualityFeedback.cs	XREngine.Components.PhysicsChainWorld	1	Move	XREngine.Runtime.Core	Pending		Non-visual physics components, simulation state, queries, controllers, and scheduling belong to Runtime.Core.
XRENGINE/Scene/Components/Physics/PhysicsChainWorldColliderSetExtensions.cs	XREngine.Components.PhysicsChainWorldColliderSetExtensions	0	Move	XREngine.Runtime.Core	Pending		Non-visual physics components, simulation state, queries, controllers, and scheduling belong to Runtime.Core.
XRENGINE/Scene/Components/Physics/PhysicsChainWorldCommandKind.cs	XREngine.Components.PhysicsChainWorldCommandKind	1	Move	XREngine.Runtime.Core	Pending		Non-visual physics components, simulation state, queries, controllers, and scheduling belong to Runtime.Core.
XRENGINE/Scene/Components/Physics/PhysicsChainWorldDynamicCommandKind.cs	XREngine.Components.PhysicsChainWorldDynamicCommandKind	1	Move	XREngine.Runtime.Core	Pending		Non-visual physics components, simulation state, queries, controllers, and scheduling belong to Runtime.Core.
XRENGINE/Scene/Components/Physics/PhysicsChainWorldLifecycleSnapshot.cs	XREngine.Components.PhysicsChainWorldLifecycleSnapshot	1	Move	XREngine.Runtime.Core	Pending		Non-visual physics components, simulation state, queries, controllers, and scheduling belong to Runtime.Core.
XRENGINE/Scene/Components/Physics/PhysicsChainWorldReadbackExtensions.cs	XREngine.Components.PhysicsChainWorldReadbackExtensions	0	Split	XREngine.Runtime.Core;XREngine.Runtime.Rendering	Pending		Keep simulation/snapshots in Runtime.Core and move GPU/readback/visual publication to Runtime.Rendering.
XRENGINE/Scene/Components/Physics/PhysicsChainWorldTemplateExtensions.cs	XREngine.Components.PhysicsChainWorldTemplateExtensions	0	Move	XREngine.Runtime.Core	Pending		Non-visual physics components, simulation state, queries, controllers, and scheduling belong to Runtime.Core.
XRENGINE/Scene/Components/Physics/PhysxHeightFieldComponent.cs	XREngine.Components.PhysxHeightFieldComponent	1	Move	XREngine.Runtime.Core	Pending		Non-visual physics components, simulation state, queries, controllers, and scheduling belong to Runtime.Core.
XRENGINE/Scene/Components/UnityImport/UnityAnimatorImportMetadataComponent.cs	XREngine.Components.UnityAnimatorImportMetadataComponent	1	Move	XREngine.Runtime.ModelingBridge	Pending		Unity import metadata and prefab conversion products belong to the modeling/import bridge.
XRENGINE/Scene/Components/UnityImport/UnityAvatarAnimationLayer.cs	XREngine.Components.UnityAvatarAnimationLayer	1	Move	XREngine.Runtime.ModelingBridge	Pending		Unity import metadata and prefab conversion products belong to the modeling/import bridge.
XRENGINE/Scene/Components/UnityImport/UnityAvatarDescriptorComponent.cs	XREngine.Components.UnityAvatarDescriptorComponent	1	Move	XREngine.Runtime.ModelingBridge	Pending		Unity import metadata and prefab conversion products belong to the modeling/import bridge.
XRENGINE/Scene/Components/UnityImport/UnityAvatarEyeLookMetadata.cs	XREngine.Components.UnityAvatarEyeLookMetadata	1	Move	XREngine.Runtime.ModelingBridge	Pending		Unity import metadata and prefab conversion products belong to the modeling/import bridge.
XRENGINE/Scene/Components/UnityImport/UnityAvatarLipSyncMode.cs	XREngine.Components.UnityAvatarLipSyncMode	1	Move	XREngine.Runtime.ModelingBridge	Pending		Unity import metadata and prefab conversion products belong to the modeling/import bridge.
XRENGINE/Scene/Components/UnityImport/UnityTransformConstraintChannels.cs	XREngine.Components.UnityTransformConstraintChannels	1	Move	XREngine.Runtime.ModelingBridge	Pending		Unity import metadata and prefab conversion products belong to the modeling/import bridge.
XRENGINE/Scene/Components/UnityImport/UnityTransformConstraintComponent.cs	XREngine.Components.UnityTransformConstraintComponent	1	Move	XREngine.Runtime.ModelingBridge	Pending		Unity import metadata and prefab conversion products belong to the modeling/import bridge.
XRENGINE/Scene/Components/UnityImport/UnityTransformConstraintSource.cs	XREngine.Components.UnityTransformConstraintSource	1	Move	XREngine.Runtime.ModelingBridge	Pending		Unity import metadata and prefab conversion products belong to the modeling/import bridge.
XRENGINE/Scene/Prefabs/SceneNodePrefabUtility.cs	XREngine.Scene.Prefabs.SceneNodePrefabUtility	1	Move	XREngine.Runtime.Core	Pending		General scene, prefab, movement, and world-owned component behavior belongs to Runtime.Core.
XRENGINE/Scene/Prefabs/UnityImport/UnityAssetIdentity.cs	XREngine.Scene.Prefabs.UnityAssetIdentity	1	Move	XREngine.Runtime.ModelingBridge	Pending		Unity import metadata and prefab conversion products belong to the modeling/import bridge.
XRENGINE/Scene/Prefabs/UnityImport/UnityAssetObjectKind.cs	XREngine.Scene.Prefabs.UnityAssetObjectKind	1	Move	XREngine.Runtime.ModelingBridge	Pending		Unity import metadata and prefab conversion products belong to the modeling/import bridge.
XRENGINE/Scene/Prefabs/UnityImport/UnityImportCompletionTier.cs	XREngine.Scene.Prefabs.UnityImportCompletionTier	1	Move	XREngine.Runtime.ModelingBridge	Pending		Unity import metadata and prefab conversion products belong to the modeling/import bridge.
XRENGINE/Scene/Prefabs/UnityImport/UnityImportConversionOutcome.cs	XREngine.Scene.Prefabs.UnityImportConversionOutcome	1	Move	XREngine.Runtime.ModelingBridge	Pending		Unity import metadata and prefab conversion products belong to the modeling/import bridge.
XRENGINE/Scene/Prefabs/UnityImport/UnityImportDependencyKind.cs	XREngine.Scene.Prefabs.UnityImportDependencyKind	1	Move	XREngine.Runtime.ModelingBridge	Pending		Unity import metadata and prefab conversion products belong to the modeling/import bridge.
XRENGINE/Scene/Prefabs/UnityImport/UnityImportDependencyManifestEntry.cs	XREngine.Scene.Prefabs.UnityImportDependencyManifestEntry	1	Move	XREngine.Runtime.ModelingBridge	Pending		Unity import metadata and prefab conversion products belong to the modeling/import bridge.
XRENGINE/Scene/Prefabs/UnityImport/UnityImportDiagnostic.cs	XREngine.Scene.Prefabs.UnityImportDiagnostic	1	Move	XREngine.Runtime.ModelingBridge	Pending		Unity import metadata and prefab conversion products belong to the modeling/import bridge.
XRENGINE/Scene/Prefabs/UnityImport/UnityImportDiagnosticCategory.cs	XREngine.Scene.Prefabs.UnityImportDiagnosticCategory	1	Move	XREngine.Runtime.ModelingBridge	Pending		Unity import metadata and prefab conversion products belong to the modeling/import bridge.
XRENGINE/Scene/Prefabs/UnityImport/UnityImportDiagnosticSeverity.cs	XREngine.Scene.Prefabs.UnityImportDiagnosticSeverity	1	Move	XREngine.Runtime.ModelingBridge	Pending		Unity import metadata and prefab conversion products belong to the modeling/import bridge.
XRENGINE/Scene/Prefabs/UnityImport/UnityPrefabConversionResult.cs	XREngine.Scene.Prefabs.UnityPrefabConversionResult	1	Move	XREngine.Runtime.ModelingBridge	Pending		Unity import metadata and prefab conversion products belong to the modeling/import bridge.
XRENGINE/Scene/Prefabs/UnityImport/UnityPrefabImportManifest.cs	XREngine.Scene.Prefabs.UnityPrefabImportManifest	1	Move	XREngine.Runtime.ModelingBridge	Pending		Unity import metadata and prefab conversion products belong to the modeling/import bridge.
XRENGINE/Scene/Prefabs/UnityImport/UnityUnsupportedBehaviourMetadata.cs	XREngine.Scene.Prefabs.UnityUnsupportedBehaviourMetadata	1	Move	XREngine.Runtime.ModelingBridge	Pending		Unity import metadata and prefab conversion products belong to the modeling/import bridge.
XRENGINE/Scene/Prefabs/XRPrefabSource.cs	XREngine.Scene.Prefabs.RestoreProcessMeshesAsyncScope;XREngine.Scene.Prefabs.XRPrefabSource	1	Move	XREngine.Runtime.Core	Pending		General scene, prefab, movement, and world-owned component behavior belongs to Runtime.Core.
XRENGINE/Scene/Prefabs/XRPrefabVariant.cs	XREngine.Scene.Prefabs.XRPrefabVariant	1	Move	XREngine.Runtime.Core	Pending		General scene, prefab, movement, and world-owned component behavior belongs to Runtime.Core.
XRENGINE/Scene/Transforms/Misc/BillboardTransform.cs	XREngine.Scene.Transforms.BillboardTransform;XREngine.Scene.Transforms.Constrainer;XREngine.Scene.Transforms.DirectionConstrainer;XREngine.Scene.Transforms.TransformConstrainer	4	Move	XREngine.Runtime.Rendering	Pending		Debug visualization, mesh publication, and camera-facing transforms belong to Runtime.Rendering.
XRENGINE/Scene/UnityEditorImportBridge.cs	XREngine.Scene.ImporterMethods;XREngine.Scene.UnityEditorImportBridge	0	Move	XREngine.Editor	Pending		The bridge invokes authoring-only Unity conversion from the editor.
XRENGINE/Settings/EditorPreferenceGroups.cs	XREngine.EditorCullingDiagnosticsPreferences;XREngine.EditorDiagnosticsPreferences;XREngine.EditorExceptionDiagnosticsPreferences;XREngine.EditorGeneralDiagnosticsPreferences;XREngine.EditorOpenGLDiagnosticsPreferences;XREngine.EditorProfilerPreferences;XREngine.EditorRenderPipelineDiagnosticsPreferences;XREngine.EditorSelectionPreferences;XREngine.EditorViewportPreferences;XREngine.EditorVisualizationDiagnosticsPreferences;XREngine.EditorVulkanDiagnosticsPreferences	11	Move	XREngine.Editor	Pending		Editor preferences, overrides, environment policy, and encrypted secrets are editor application concerns.
XRENGINE/Settings/EditorPreferenceOverrideGroups.cs	XREngine.EditorCullingDiagnosticsPreferenceOverrides;XREngine.EditorDiagnosticsPreferenceOverrides;XREngine.EditorExceptionDiagnosticsPreferenceOverrides;XREngine.EditorGeneralDiagnosticsPreferenceOverrides;XREngine.EditorOpenGLDiagnosticsPreferenceOverrides;XREngine.EditorPreferencesOverrides;XREngine.EditorProfilerPreferenceOverrides;XREngine.EditorRenderPipelineDiagnosticsPreferenceOverrides;XREngine.EditorSelectionPreferenceOverrides;XREngine.EditorViewportPreferenceOverrides;XREngine.EditorVisualizationDiagnosticsPreferenceOverrides;XREngine.EditorVulkanDiagnosticsPreferenceOverrides	12	Move	XREngine.Editor	Pending		Editor preferences, overrides, environment policy, and encrypted secrets are editor application concerns.
XRENGINE/Settings/EditorPreferences.cs	XREngine.EDebugPrimitiveBufferFormat;XREngine.EDebugShapePopulationMode;XREngine.EditorDebugOptions;XREngine.EditorPreferences;XREngine.EditorThemeSettings;XREngine.ESceneDepthModePreference;XREngine.EViewportPresentationMode;XREngine.LegacyDebugVisualizerPopulationMode	7	Move	XREngine.Editor	Pending		Editor preferences, overrides, environment policy, and encrypted secrets are editor application concerns.
XRENGINE/Settings/EditorPreferences.Secrets.cs	XREngine.EditorPreferences	1	Move	XREngine.Editor	Pending		Editor preferences, overrides, environment policy, and encrypted secrets are editor application concerns.
XRENGINE/Settings/EditorPreferencesOverrides.cs	XREngine.EditorDebugOverrides;XREngine.EditorPreferencesOverrides;XREngine.EditorThemeOverrides	3	Move	XREngine.Editor	Pending		Editor preferences, overrides, environment policy, and encrypted secrets are editor application concerns.
XRENGINE/Settings/EditorRuntimeEnvironmentPreferences.cs	XREngine.EditorRuntimeEnvironmentPreferences	1	Move	XREngine.Editor	Pending		Editor preferences, overrides, environment policy, and encrypted secrets are editor application concerns.
XRENGINE/Settings/GameStartupSettings.cs	XREngine.EMaxMirrorRecursionCount;XREngine.GameStartupSettings	2	Split	XREngine.Data;XREngine.Runtime.Bootstrap	Pending		Keep stable startup values in Data and move normalization/composition policy to Bootstrap.
XRENGINE/Settings/GameWindowStartupSettings.cs	XREngine.GameWindowStartupSettings	1	Split	XREngine.Data;XREngine.Runtime.Bootstrap	Pending		Keep stable startup values in Data and move normalization/composition policy to Bootstrap.
XRENGINE/Settings/SecretCipher.cs	XREngine.Settings.SecretCipher	1	Move	XREngine.Editor	Migrated	XREngine.Data/Settings/ISecretCipherServices.cs;XREngine.Data/Settings/SecretCipherServices.cs;XREngine.Editor/Settings/EditorSecretCipherServices.cs	Editor preferences, overrides, environment policy, and encrypted secrets are editor application concerns.
