Application	RelativePath	Category	SizeBytes	Sha256
Editor	ActionManifest.json	ConfigurationOrManifest	22153	177055c52e5378ef587deed90437beca08f60475a1edf83a9c9bc672b80ee33a
Editor	AssimpNetter.dll	ManagedAssembly	190976	7c10c7f0532cd438a207876d004fddff55584619c50fa7fe11bc9c5d5d225700
Editor	avcodec-61.dll	NativeLibrary	88615424	ba7253d448d062133e15393f614e16f82cac5f5f78655949b5592efb4aa8eef4
Editor	avdevice-61.dll	NativeLibrary	5193216	9148af44bd22b042a11287d91e2ae4be18faf6223282a72183bc251105715159
Editor	avfilter-10.dll	NativeLibrary	28839424	5d412347761369e144d0992e5f14bc5b3d59fd31021782e24d2005a1db008dd1
Editor	avformat-61.dll	NativeLibrary	19759104	5a331dfb8db65ec988cc80436189a9d10ae72f64f4e1c0d34ecd3c811bd34bbd
Editor	avutil-59.dll	NativeLibrary	2787840	15e7bc6126a8af2d41f0b6ecf59bfc6277b1c5cf2f9149d9966b660b3eb2690c
Editor	bindings_knuckles.json	ConfigurationOrManifest	24219	68aa87804377da87d29e78ed9dd869c6d038db109faa77089162f1099d25bc4c
Editor	BitsKit.dll	ManagedAssembly	35840	98c963458aff2c5e8ff0a348f3bb82bbe7c85c64bd095d3094940f1e17875225
Editor	DotnetNoise.dll	ManagedAssembly	47104	424356f6a43e0c4af2e71254c5a769eb0cc09db6d9947536ad5192c0574e4f6c
Editor	DXNET.dll	ManagedAssembly	249344	6a1e9d3a718ad741f07c67cb0c09673d660b76a4b75a8238b4e14fbb5dd839f8
Editor	DXNET.XInput.dll	ManagedAssembly	14336	f7c018971f27a91fcac11360856d428896e2aac62945b2f826af90541a6969e1
Editor	ExCSS.dll	ManagedAssembly	347136	6b166e638181eba3150f0d10379d1cc8362af6dfd518e9e9e194aa9a746293c2
Editor	FFmpeg.AutoGen.dll	ManagedAssembly	647680	291b6283b731418bdd7a7546fd190666a181f3b7aa5c0255dc340d62702ede36
Editor	freetype6.dll	NativeLibrary	581120	7e0b8b72369cf57086ced3b496ad3fed3beb089438389e181ef4c9f73333a3ba
Editor	Google.Api.CommonProtos.dll	ManagedAssembly	450048	329cf0f2b66c5cbf675321f0d6b33c17d1092e5761f32d3d2c1307a110c0dbbd
Editor	Google.Api.Gax.dll	ManagedAssembly	79872	1adedac4a241a93c34a41a8939151cccf35381fc6c4d4cc890216eb191032639
Editor	Google.Api.Gax.Grpc.dll	ManagedAssembly	204288	895e406b21b4ce8bdff1791107116fb5f23ab3b9981e2b5bd4cb4fc747fe4972
Editor	Google.Apis.Auth.dll	ManagedAssembly	246272	a2a4f688c1e34bca248c2a589e73a20ac3c834a9615c13bcb08a317a78842609
Editor	Google.Apis.Core.dll	ManagedAssembly	86528	198f959ef53b86d9c6f4b3305503960995cfaaa096252dc7bbbb803c57c58bc7
Editor	Google.Apis.dll	ManagedAssembly	84480	7d9abc7e9b29b2414d7ddee9286a4ce997d12cb6a55badcc1eb975ed5e1d4092
Editor	Google.Cloud.Speech.V1.dll	ManagedAssembly	212480	c4cd890c1e736a71860eed5da1562644981fa4d8ea981ce7f54f5931b48502c1
Editor	Google.Cloud.TextToSpeech.V1.dll	ManagedAssembly	126464	ea44f545d107f85a3f688a9a01e5d3ebab342613a9c3b419bed5710f2c8f320c
Editor	Google.LongRunning.dll	ManagedAssembly	64512	f28db50842aaebe022b837be016aca0a77bcf71b2f371a785428c1ab504b919c
Editor	Google.Protobuf.dll	ManagedAssembly	495712	dbd8f2ff0822d2fc0164ae255c0661ce84afc9ba328a30a4a50ba5f54ffee896
Editor	GraphQL.dll	ManagedAssembly	1089536	f65fbb2271485fd904315a15c45c65d387d5bc6b9353cb7834047689295e6647
Editor	GraphQLParser.dll	ManagedAssembly	330752	c1492c695cce229b813d7ef82df6469888bf7d62c5d39c59c0d86826d8788ef1
Editor	Grpc.Auth.dll	ManagedAssembly	21600	d9f18b65825caaec7242324cb96f03d263aa9086d1ec747d1d28242bf8f58db2
Editor	Grpc.Core.Api.dll	ManagedAssembly	70240	c14ac4d4c97e03cf1f05892caeb6346457ac25c8b1b7ee3e12a720fcaa1fb2e2
Editor	Grpc.Net.Client.dll	ManagedAssembly	359520	75fe0ec43986ef6e78cf41268728909b9819263273fb1e84146c1c6ef58e0028
Editor	Grpc.Net.Common.dll	ManagedAssembly	22112	c31a578aed06bd7723ec24139882bbd10e18b79a6fe190482c771113ce32bd43
Editor	HarfBuzzSharp.dll	ManagedAssembly	122400	55e72ac23263f8e12484f3435e02ec22fac9eff6e6d169bb0a8c246be6b99d29
Editor	ICSharpCode.SharpZipLib.dll	ManagedAssembly	258048	32ea2d0ce3512e74f1c7ad82591fe67e6b8939d76a8a4ff9c93ead030131e71c
Editor	ImGui.NET.dll	ManagedAssembly	317440	1b519dba38e8ff0ae85721086c0646c7589c7772b80bf2297a3e8ead1f2a1c41
Editor	ImmediateReflection.dll	ManagedAssembly	61440	0abfc37931e3e514f2294eb0a069eec3395bbbaf50a7b72ebe25e9863c91ac55
Editor	Jitter2.dll	ManagedAssembly	278528	be9a5ce58e24fa5ccd7aa82da03b158422b9134aa1bd86001ed81a76a835ac1d
Editor	JoltPhysicsSharp.dll	ManagedAssembly	457728	f5d4ffdd02ef3d30101759f8b024475f9dec3fcd95de9b2b6fc303102ceab64a
Editor	K4os.Compression.LZ4.dll	ManagedAssembly	70656	e282aadc2353b864fe95cd5fb525a1a093d99a30a5bf2530b7ab831d56179816
Editor	lib/x64/freetype6.dll	NativeLibrary	581120	7e0b8b72369cf57086ced3b496ad3fed3beb089438389e181ef4c9f73333a3ba
Editor	lib/x86/freetype6.dll	NativeLibrary	457216	537e89022200059b423431be6e2ce8424618f04853511adb0ed9abc2a36e5166
Editor	libmp3lame.32.dll	NativeLibrary	697344	91d3c0cc833265066c51408d940faaf76c5b8fc5bda854540a9cc6c88b1d1f20
Editor	libmp3lame.64.dll	NativeLibrary	1081856	71dba147b6c16d8d0f012b8e657d52e12cb8796a659e1151200d0a6c8b04bce3
Editor	licenses/OpenAL-Soft-LGPL-2.0-or-later.txt	Content	23332	21555b19b9ae7983b070711bd22643ac65f38ec21b7422d943a217ca95022a0f
Editor	Magick.NET-Q16-HDRI-x64.dll	ManagedAssembly	1004720	7075987c52d6bbba33343f6faa81595f04d2f2dfce8e9520e8f29c8ad0b3ca84
Editor	Magick.NET.Core.dll	ManagedAssembly	1538736	126233abe368695a3b7fd9381cba9cbb7b02f0b107e5183bc2a4b45aefcfd0e3
Editor	MagicPhysX.dll	ManagedAssembly	390144	308d7e9fb19a38813914a08ff1a25a1561af8686e1f67604ab4d7eead9335bf1
Editor	MathNet.Numerics.dll	ManagedAssembly	1600000	83b41a608e438409d6520d01124f52f57409e229791c0e074e315ace7d9f4134
Editor	MathNet.Numerics.Providers.CUDA.dll	ManagedAssembly	39424	e01bd11b5cda9885bc59ddd193789ef87260fbc08e232a21d685a58563fd5be6
Editor	MemoryPack.Core.dll	ManagedAssembly	210432	6dc7785eea92dc72b9ea4d9d9b08c585ce87c11ec6b8388d00a179af694cf6be
Editor	Meshoptimizer.NET.dll	ManagedAssembly	9728	4b510c324d1b0d280c6580727d47a43ef1db9e40c8d38e6cd9b99e13ca99ba10
Editor	MIConvexHull.dll	ManagedAssembly	39936	fc3a3d64a6c82f95d96f7dd376d552ff5ce1b02ada140ad763f8f8829d3bda3d
Editor	Microsoft.Bcl.AsyncInterfaces.dll	ManagedAssembly	16000	5705d245072d3eb78400547b32147dbb6e2c8b02ba8bda76729798f5efdeaecb
Editor	Microsoft.Build.dll	ManagedAssembly	2502952	9e2a52946b329326405e4fa266f11a9eb737e390fcda4a8044c433fb328a893b
Editor	Microsoft.Build.Framework.dll	ManagedAssembly	1051472	d6ba006405e693f20b53a45832591cda1893370ebdf39b71bc94454ffad5018a
Editor	Microsoft.DotNet.PlatformAbstractions.dll	ManagedAssembly	23424	b1f4ad169fb192747f5d2d3111c01db4257e3ec1f7f18f301f7fc4be3b869ff3
Editor	Microsoft.Extensions.DependencyInjection.Abstractions.dll	ManagedAssembly	43632	9ccd830351aa28bc683d4f8d1cefd9e724161f972d25bfb64eee5bf55c48c5e3
Editor	Microsoft.Extensions.DependencyModel.dll	ManagedAssembly	85280	48cb00c7cb7debe78133f435d66dfe92c951897c608b58fb993d73254d0973ac
Editor	Microsoft.Extensions.Logging.Abstractions.dll	ManagedAssembly	62064	d575c9d1543ca726ce14dbdffd103e93ea527cd46bb28316da1f4122dbc55d56
Editor	Microsoft.NET.StringTools.dll	ManagedAssembly	33064	d37ac9eaa8c3b669ab7bee6bda6a748ea0ac4ae5201772cf35d44e16e4319e8f
Editor	Microsoft.Win32.SystemEvents.dll	ManagedAssembly	27432	90f625c79faed521a147f44ab5fc6cad7f9fe400bc02b9ece55842bdcac7eada
Editor	NAudio.Asio.dll	ManagedAssembly	34816	035c653468ac70370f51fb5bb2001b4cf868e479846ccc8c7a09789aa22e2606
Editor	NAudio.Core.dll	ManagedAssembly	187904	4f8d8c4140146674b103c8a3c46fbc4c768a86c0012a167168e3f7da2b3e5c09
Editor	NAudio.dll	ManagedAssembly	7680	99f690cf6cdc829f815c06c27fcda9bd18f85b475a8b1b00898fb669fe39f98c
Editor	NAudio.Lame.dll	ManagedAssembly	92160	9bcae325bf8a5b3a57bd9352d879e6093ac4fb8e2369b3f8150449038e78a267
Editor	NAudio.Midi.dll	ManagedAssembly	46592	7796a9ec97a1ff29e682855839845da9fe26b6ddcc34addbb514cd73e7a9f02a
Editor	NAudio.Sdl2.dll	ManagedAssembly	136192	f83c3cea107a08b38ebcf224b6009155733e5bb45c8089045d252d8c8b84d64c
Editor	NAudio.Vorbis.dll	ManagedAssembly	14848	0ae4de203ffeb14cc5f10859402d3f56e9fe6689c58587d52ba4aa731ef3e8c0
Editor	NAudio.Wasapi.dll	ManagedAssembly	180224	a05e371abf96195770ac4f84653d987d63731fed528e98c7fe0d10ce66e37d7e
Editor	NAudio.WinForms.dll	ManagedAssembly	34816	7029d547c9da7fad6d32b6fc4fb9120a52f596f6a1c86485ae050a2e971ae4b0
Editor	NAudio.WinMM.dll	ManagedAssembly	58368	80807335ee64d5bb26a9de0d1f966a902b5adf32c53b853c8b871937d12b437b
Editor	NDILibDotNetCoreBase.dll	ManagedAssembly	46080	3a2035548166ba8873d28016c90d32ce8cee4782439d4edb90b2b97b9706118d
Editor	Newtonsoft.Json.dll	ManagedAssembly	723368	a28c251dfe36d881e9e2462e171441b8b0ec156fe3f452602c9149b1b9efe05b
Editor	nis.license.txt	Content	1199	f80ecfbce8a84a5b4c1c59dc5a9f0ee9cf5a989c9fba3a9486ee874f7595a454
Editor	NvLowLatencyVk.dll	NativeLibrary	57840	2a77dc3e1c724b7eea5755be0ae7423752e79a2459fae72181a9f00e3507e5d6
Editor	nvngx_deepdvc.dll	NativeLibrary	3127408	6973c27355b4548405a70d285b64608f1806c351464aa02c8eff860d63c1b390
Editor	nvngx_dlss.dll	NativeLibrary	58977904	be6e434a94ca32499515eb62ca0e6c274526055d568d0426e4c652dcdfb6ee6e
Editor	nvngx_dlss.license.txt	Content	26727	3027f23ca5a46dd9cb8183fbd522983a86f64d7daac5982912bf9f214671f294
Editor	nvngx_dlssd.dll	NativeLibrary	40946800	f4e97624f70fbb769acb11ebd751b512ecc9463d4bd6aef04896d3956e6084a0
Editor	nvngx_dlssg.dll	NativeLibrary	7519856	135eaf0733c1e37381a8c28abcf7a862404a54132b81787c04e35d09efc5e36f
Editor	NVorbis.dll	ManagedAssembly	81408	d4fd7a6a7b8672b30f77de08c0256dbcbd0d3eee07b78554ebce97741aa7a819
Editor	openvr_api.dll	NativeLibrary	818904	c3314d8822729fb7550d070f75c3efdd2d099965e53416b2901996fc6cee744f
Editor	OpenVR.NET.dll	ManagedAssembly	315392	9c7dd288d079511d06cd4865046b91da861ede96d96c86aff27abc0b8a104a55
Editor	OpenVR.NET.pdb	Symbols	55596	750ccb427e3df0fd6d69ef8ac976454bc7f55e7a12b8b83af2820e3c49b683c8
Editor	OpenVR.NET.xml	Content	29848	43ac88bef04790391e17a6fc8d79d2d1d77fbc1a0cb7b3efa71d642d4b6ddc6b
Editor	openxr_loader.dll	NativeLibrary	422552	9248b6ddd93ddd1c722313d8a24a4c2e9dd996f9dfa8087118037e5ac42c255e
Editor	OscCore.dll	ManagedAssembly	48640	35afb66d507c22c704a19abc8664f9c1e789f8608bc45d785fbf092b67fc8c0c
Editor	OVRLipSync.dll	NativeLibrary	40471800	f20e7bcb50f1591e1c4fdf5fb16ceda876ec599c1731fd857779b977b4e585b7
Editor	postproc-58.dll	NativeLibrary	89088	b86da2353b95b6840d3915a6d7d825d9ba3419815d19f653de52caf8b579eda8
Editor	Raylib-cs.dll	ManagedAssembly	136192	5a2d9ee82e1f1db5a97a452135c7e64937d567607d1baa03c7cc8e48c1c4d94a
Editor	reflex.license.txt	Content	20504	ebf83c07fb3b2939908c3795d887afde3161c89a28ba391724efc784ce1bdabe
Editor	runtimes/android-arm/native/libjoltc.so	NativeLibrary	1989304	724bbbf8ad35558bbddd79dd1f7f2e0809dc714234129c8ba6d4c7054ae016b8
Editor	runtimes/android-arm64/native/libjoltc.so	NativeLibrary	2584976	00f52af8c1d6d72e35baffa0e55fe6f0f256c92f1befe7b7b66d6bcf07dd7c88
Editor	runtimes/android-x64/native/libjoltc.so	NativeLibrary	2738024	23f791e2444d3c50932fce1596579df46d1de193285db37c7a6a766724c8d85e
Editor	runtimes/ios/native/libSDL2.a	Content	3781112	8b56cbe8e7ff7d727e873da0f22c14dc727426df22fe3107ce8175fbf24cbdb7
Editor	runtimes/iossimulator/native/libSDL2.a	Content	4006896	e66541dda1109304999c8b76139bffb141e5c3d366938e1a6650ceed324f4404
Editor	runtimes/linux-arm/native/libglfw.so.3	Content	283628	5f2e360313372a7158c12fcdebb0dc91248494a3addd2ef1308e54d95d1f77ce
Editor	runtimes/linux-arm/native/libHarfBuzzSharp.so	NativeLibrary	1988676	7a7bafe7d89c5d361a3890e044bdc5993b234831e5c8c1f768260828969ec007
Editor	runtimes/linux-arm/native/libopenal.so	NativeLibrary	756808	aa6bd8ca8f888c2762d13f4b390114dd44e3c2a2de60758af2a4e263160c7a84
Editor	runtimes/linux-arm/native/libSDL2-2.0.so	NativeLibrary	1264120	0f3e6a33bb13a659e1c67e56eddae7415991c625dfc194ca578e3e3f7e11c28f
Editor	runtimes/linux-arm/native/libshaderc_shared.so	NativeLibrary	7670636	c417c58fd11517ead6f2c5e719cec939207177c3ff50d5d560662e8bd685891d
Editor	runtimes/linux-arm64/native/libassimp.so	NativeLibrary	13095328	b3909b2a5d069d1f6a34351bcea26c10ad1a0d5b93d84f686ee280fb94a5e3c7
Editor	runtimes/linux-arm64/native/libglfw.so.3	Content	390160	51de75daea1771d031b6251ac114d686b02272edc50373863d2648083d4c98da
Editor	runtimes/linux-arm64/native/libHarfBuzzSharp.so	NativeLibrary	2657280	68fc5ef842ac0dbd57e8063a11de5bb2f3c2b5af530a2d4fa07a7cf5d6ea4259
Editor	runtimes/linux-arm64/native/libjoltc.so	NativeLibrary	1886600	daf06442fdf25bd2fc4234c252e3862ca3a94e32792a4466a9d93723c8bb03cb
Editor	runtimes/linux-arm64/native/libopenal.so	NativeLibrary	1044848	7ab60b66476ab1acd3726f191de3ce29aa505328de66febd28c0a3a692c2fd2b
Editor	runtimes/linux-arm64/native/libSDL2-2.0.so	NativeLibrary	1781824	125208e76295b9b3029e8deed544c77a19abaca8fce7be990b08d27b66a473e0
Editor	runtimes/linux-arm64/native/libshaderc_shared.so	NativeLibrary	8409072	098442f2b2e6d9b5eb82fef44228c7a01d00364e2caee529334226cda8ec515f
Editor	runtimes/linux-arm64/native/libvulkan.so	NativeLibrary	543224	0f5b011f948fca38814d1f2207078b732a9581e787cf6b4fa0b17bb59396506e
Editor	runtimes/linux-loongarch64/native/libHarfBuzzSharp.so	NativeLibrary	2721088	e3f25c2a81f919fd0297023504bf0655b626d5d47e569724827cca7d06f9c3d7
Editor	runtimes/linux-musl-arm/native/libHarfBuzzSharp.so	NativeLibrary	3017916	fa511560f4420e0b420eb73fa8339af5c6683d71403c611af8ca6ce366f01494
Editor	runtimes/linux-musl-arm64/native/libHarfBuzzSharp.so	NativeLibrary	3880784	aa71a80195e31d55b7045bafdc6ec5895b69785cd4b39a249309d3c9fde3e280
Editor	runtimes/linux-musl-loongarch64/native/libHarfBuzzSharp.so	NativeLibrary	3577960	82befae55055053a65fc66366b2c75081c28463058c79295d0ef38c6ec2df97d
Editor	runtimes/linux-musl-riscv64/native/libHarfBuzzSharp.so	NativeLibrary	2586112	1d0c376dae6362986a294737cb7b2580e6416c007d4cc25aba8c9eac916ffc10
Editor	runtimes/linux-musl-x64/native/libHarfBuzzSharp.so	NativeLibrary	3908472	f4b0c632dd41e8000b647dbc463e77602d915ab99914239c8c25a1858430c83f
Editor	runtimes/linux-musl-x64/native/Magick.Native-Q16-HDRI-x64.dll.so	NativeLibrary	39722720	4e3f8ab279dc617761c591b66e3e7c2ea223846cbc41c4a558eaf759b1e63787
Editor	runtimes/linux-riscv64/native/libHarfBuzzSharp.so	NativeLibrary	2318920	b0a7dfafd7edfecce56819026741e56c8e46b7e8a422a1a1935d392bb8fc3c39
Editor	runtimes/linux-x64/lib/netstandard2.1/Steamworks.NET.dll	ManagedAssembly	388096	639c8a578eb2cb9c5f99af08b12fca5a0210fb94742dad95ce3f36eb9f0c8f21
Editor	runtimes/linux-x64/native/libAppCore.so	NativeLibrary	670712	4110885e0b85482e07ca8c3610690db48cedcb4adb3a0b605b3ff70406db901b
Editor	runtimes/linux-x64/native/libassimp.so	NativeLibrary	14261024	0a19996d5a2b41313dd9df65188a04402964f2beafcf49025e481745dcf982a4
Editor	runtimes/linux-x64/native/libcimgui.so	NativeLibrary	1711680	939a5c44182c67ed44d5d92a1906d8cbe1519c3e6bd67e62e4225f0c1f3c9563
Editor	runtimes/linux-x64/native/libglfw.so.3	Content	398608	abd1e55084037754c954e3a35db13744e939bdda7c42b235ba6466eb89bc88de
Editor	runtimes/linux-x64/native/libHarfBuzzSharp.so	NativeLibrary	2808040	1d5c3afef13545bf34bf8f068b14e25ee619c3b6dee235c44e260fe61cb24018
Editor	runtimes/linux-x64/native/libjoltc.so	NativeLibrary	2087528	3800cc6fff9e5470c524b15e8895599f90e9b96129b3f5cf9f76504beda178a3
Editor	runtimes/linux-x64/native/libmeshoptimizer.so	NativeLibrary	206832	48ee7bbf5f083c0120c5504897f0a8d378ec4bea143fefb35685e01877fa51d3
Editor	runtimes/linux-x64/native/libopenal.so	NativeLibrary	1159736	7162b88c6c1fea862746f688ee0a9267a72033f5ea5b82af74d304ec5061a1dc
Editor	runtimes/linux-x64/native/libraylib.so	NativeLibrary	2546928	a9232cc0430f64017096e0c73edeb462eb339300225cb8cb7ab318b823685b60
Editor	runtimes/linux-x64/native/libSDL2-2.0.so	NativeLibrary	2138864	ff710f0fb6f1aa618aadf3eaaed775498129e715a7ec9c0a4a112461b72f4386
Editor	runtimes/linux-x64/native/libshaderc_shared.so	NativeLibrary	9220320	9f2d5c6f53c191e59376251c614043019c6a7e325809703cad186da9b9dce6d3
Editor	runtimes/linux-x64/native/libspirv-cross-c-shared.so	NativeLibrary	2362383	691c8d78a36059e8435dbe7eb6f18d8dd4c3fd50f87329eb6bd169355b4f7afe
Editor	runtimes/linux-x64/native/libUltralight.so	NativeLibrary	756672	0b47695138db040161ee18d6c935de8f504cdad2704b42cd889d251898994dcf
Editor	runtimes/linux-x64/native/libUltralightCore.so	NativeLibrary	3923736	4d22ea43e0c09ef8957b2c3de589e6070d6bf45b3060e28106e48976f1b4edfe
Editor	runtimes/linux-x64/native/libvulkan.so	NativeLibrary	506496	8321bfbe86ef5fa270b1fddfef0435caa4994321d5d29547d050a8f9a6ec84c4
Editor	runtimes/linux-x64/native/libWebCore.so	NativeLibrary	75295816	ef3cee0715db12ad467e194837ffaea2bb404c0a8ee343db2185f9f47fb23650
Editor	runtimes/linux-x64/native/Magick.Native-Q16-HDRI-x64.dll.so	NativeLibrary	37456304	47107f7e21533a355ab77e2ada3dfe7959da5e64e46b2a09114a89b607bcaabf
Editor	runtimes/linux-x86/lib/netstandard2.1/Steamworks.NET.dll	ManagedAssembly	388608	4ab2e15f0a5d151f940d7cf8140a0fe5cae80581da5f5a03434efea7a0f75505
Editor	runtimes/linux-x86/native/libHarfBuzzSharp.so	NativeLibrary	2735488	9171121cc7c5f76d13e3458ea17e9eb6afc74f38ad0e6e2290f050e3557afb42
Editor	runtimes/osx-arm64/native/libassimp.dylib	NativeLibrary	9590160	4a4555d083ad70f4bf80a25f771d0c573b75e1598ac51b6d16aa0f162850231e
Editor	runtimes/osx-arm64/native/libglfw.3.dylib	NativeLibrary	236928	c2057028e3f9310b23c1b9a8da2e57839aa98066d1d6fa928d8cdfa7b4813258
Editor	runtimes/osx-arm64/native/libopenal.dylib	NativeLibrary	873880	85c3fffe4a246315b28ba07346d0e14bfa46c265cf130e2c9c0092421b5b707c
Editor	runtimes/osx-arm64/native/libraylib.dylib	NativeLibrary	1776592	fa56e83ff651555c61f9829d5b0d3d1d3fdcfff7411c8e0f9dac5af12fe93a45
Editor	runtimes/osx-arm64/native/libshaderc_shared.dylib	NativeLibrary	9467000	1a4b2d850e6d967346565ae3c5c5a3d60e543eccd5d643543ce7572312e50965
Editor	runtimes/osx-arm64/native/libvulkan.dylib	NativeLibrary	501352	765c8fa399dfc53eedbd814d89ff87128c4b966e233cd9e9fb2071531846a901
Editor	runtimes/osx-x64/lib/netstandard2.1/Steamworks.NET.dll	ManagedAssembly	388096	639c8a578eb2cb9c5f99af08b12fca5a0210fb94742dad95ce3f36eb9f0c8f21
Editor	runtimes/osx-x64/native/libAppCore.dylib	NativeLibrary	425032	2e5eb6cd2908435c8980ce09aaf2251a38dd597d109079efe8f7b6149072bf8d
Editor	runtimes/osx-x64/native/libassimp.dylib	NativeLibrary	10078328	3f2c9ae0c0c4aaf566f56a193ebc074c781058e14c2ddc6697409b5b35cf0ade
Editor	runtimes/osx-x64/native/libglfw.3.dylib	NativeLibrary	235000	14166474c44aa33bb74d47ed9c5495a56e3df8009910275b0f756c97f52c6da5
Editor	runtimes/osx-x64/native/libopenal.dylib	NativeLibrary	981720	747e8b5aa2ade8a9b9703ba323ccec9585ce3a823c67b7b196a55103fd965a63
Editor	runtimes/osx-x64/native/libraylib.dylib	NativeLibrary	1960096	8c05453cc51cb0e541ed81859ec6b78210cd7e53863db9cf7c936237ca089242
Editor	runtimes/osx-x64/native/libshaderc_shared.dylib	NativeLibrary	9967812	25248b7c357f87e18e2d34de29607c9dbfccfe28c85ab3176b49ecb9cd0eb97e
Editor	runtimes/osx-x64/native/libspirv-cross-c-shared.dylib	NativeLibrary	3300360	b65fc4f48eea1f82f92821d1c31cf8c189c1d3437282b5105633227271536491
Editor	runtimes/osx-x64/native/libUltralight.dylib	NativeLibrary	609028	8390ce88bb7558cad2ad17aaa215469f75c05ce7359aacbffcdf7a0901c1d01f
Editor	runtimes/osx-x64/native/libUltralightCore.dylib	NativeLibrary	3369052	70bd562b455e2751141c1731eb64d3beadb8e507265b36df59a090994aa49c4f
Editor	runtimes/osx-x64/native/libvulkan.dylib	NativeLibrary	451592	5b558649c9bcdfe24fe5dd409042e0fbbfa1ae5a9504de87cc54a041f5b08f43
Editor	runtimes/osx-x64/native/libWebCore.dylib	NativeLibrary	62506728	4292071a2b56bf695625ff14392bfd5690637fa35383334b7a44c07a68f0bc0c
Editor	runtimes/osx-x64/native/Magick.Native-Q16-HDRI-x64.dll.dylib	NativeLibrary	35485408	e048302aa4a7750c761b6fd3ed7d7142605213f98aaaef10a10db465150a1407
Editor	runtimes/osx-x86/lib/netstandard2.1/Steamworks.NET.dll	ManagedAssembly	388608	4ab2e15f0a5d151f940d7cf8140a0fe5cae80581da5f5a03434efea7a0f75505
Editor	runtimes/osx/native/libcimgui.dylib	NativeLibrary	3155312	cf5e46116b0304d0387c91f2701817983b29001eee008e333baa4cf1e104e0a1
Editor	runtimes/osx/native/libHarfBuzzSharp.dylib	NativeLibrary	2922800	b2d7d39a46954b3d7310540bdf393f398ac4194ee029b995deeb1db0c161c43d
Editor	runtimes/osx/native/libjoltc.dylib	NativeLibrary	3947024	386dbeec5e6892c218f9692572528ee3af748184c9298861c90aac1e3443c2ec
Editor	runtimes/osx/native/libSDL2-2.0.dylib	NativeLibrary	3140096	55664304136fe623992eb2a4db89174fd6c4bcaaf3dc264ef8c47a7d8fe1e89a
Editor	runtimes/osx/native/libSkiaSharp.dylib	NativeLibrary	15877536	2308a70f2e25e1ad5250e8f3bf5e11b1c549a8355aa3d131844ccaeaf67015f0
Editor	runtimes/tvos/native/libSDL2.a	Content	3710040	f481a94101b68f90a5fc91086a175e679028761be98b589c39baa9fe00cba89e
Editor	runtimes/tvossimulator/native/libSDL2.a	Content	3938648	6fd95c0582c823f9d3ae7107de1ab34ef54f908cb229507531d66fad1489bdaf
Editor	runtimes/win-arm/native/dstorage.dll	NativeLibrary	141752	bebb8f69352f3c049783ebae253330d6ba16340304d775efeb9e9e58e87e3b14
Editor	runtimes/win-arm/native/dstoragecore.dll	NativeLibrary	1319360	d1c7e858b405a0d88b214d75d25e00b633a34a7f219290ea56751e280f93a004
Editor	runtimes/win-arm64/native/assimp.dll	NativeLibrary	5964288	4223862bc662a7232300ad86dd985c3c01d9d3a5d21304ab101db34e9d65be42
Editor	runtimes/win-arm64/native/cimgui.dll	NativeLibrary	1318912	0237a799b5b3a5a76995bd247870b412367c669d676b0d66b4aa40db1431144e
Editor	runtimes/win-arm64/native/dstorage.dll	NativeLibrary	192544	0b52b4ac050d4c86d8b7a9823ca91d0b86ade632dd3a3413720ae67e993bebea
Editor	runtimes/win-arm64/native/dstoragecore.dll	NativeLibrary	1523256	9af7e001daf3dcfa00b25d2fcde7151efac26237d80dfc9b729c856d6078fcda
Editor	runtimes/win-arm64/native/glfw3.dll	NativeLibrary	228864	27e2e66a20e2aab6ae90126034c62b14a3d060c3e70f45545feb6f7e0dccc14c
Editor	runtimes/win-arm64/native/joltc_double.dll	NativeLibrary	1587712	10609e161487276eaf0457de2c97bf4ffff391650ccd6d8a87fb0cacc9c66c62
Editor	runtimes/win-arm64/native/joltc.dll	NativeLibrary	1563648	d32b29b9aadfd7887e4681302a766c5476a196c6ad77ff1f86473bbfb47325e0
Editor	runtimes/win-arm64/native/libHarfBuzzSharp.dll	NativeLibrary	1924640	be8e25fcfaf44eb89a9bd62a0595eee006d832069c636a384b7b6b70e3c398ab
Editor	runtimes/win-arm64/native/libHarfBuzzSharp.pdb	Symbols	20967424	289947fd566b17a80e39d934ace98092cf81220b278e15c75b1ac4cc5ce729b2
Editor	runtimes/win-arm64/native/libSkiaSharp.dll	NativeLibrary	10528056	b2502e6520f1662f58748fa18abc61f6f15e861c530f8e5550590584585d8376
Editor	runtimes/win-arm64/native/libSkiaSharp.pdb	Symbols	86028288	6057dd735026d7506a6905d3b739551046e5f4e1d6ee89675a4176f237807ea1
Editor	runtimes/win-arm64/native/SDL2.dll	NativeLibrary	1518592	2c924962eaac7a5b5b82db50d18bf0f93d9a51320daaf82f9971a9cad8f2244a
Editor	runtimes/win-arm64/native/shaderc_shared.dll	NativeLibrary	6270976	cae601b38a3389d3a5cc4b956a06e53d7e383f043e64c55640ce329c62c2dbea
Editor	runtimes/win-arm64/native/soft_oal.dll	NativeLibrary	1091072	5c592ef59ef1678711c1b884a9457d3d21d2a648dd65151bb6de54db166b862a
Editor	runtimes/win-arm64/native/vulkan-1.dll	NativeLibrary	728576	e162daf8ae6ec7bb936369bbfe0da83f939b2ec6eee67c51b63bc95d85a0e494
Editor	runtimes/win-x64/lib/netstandard2.1/Steamworks.NET.dll	ManagedAssembly	388096	32806bcb74749881a1d08192224dbba8522954d45a4c960d32bab1551fb22ec2
Editor	runtimes/win-x64/native/AppCore.dll	NativeLibrary	236032	9722dc1d486dfe523323d195f105d16b7772d4f555da0a90d5d324efb930d90a
Editor	runtimes/win-x64/native/assimp.dll	NativeLibrary	5842432	90984e886cf7394560e44fecd5a5666becd2a93e98251974a562ecb79cfba386
Editor	runtimes/win-x64/native/cimgui.dll	NativeLibrary	1450496	60ec992bcebd354d59f235ed97cdc3b0eea62c2def53c4a71f22937e500fa80b
Editor	runtimes/win-x64/native/dstorage.dll	NativeLibrary	206904	cae65787f61514bec6f012f44546e68b19e39d8854a9ab52af813370d44b272a
Editor	runtimes/win-x64/native/dstoragecore.dll	NativeLibrary	1482784	cf85b19a92a8276f8baca0db9bbcd60735bad50768deb303d310e84d5f4fdd11
Editor	runtimes/win-x64/native/FastGltfBridge.Native.dll	NativeLibrary	451584	c0763d38fd0bdf11d330e99c83ee1de2544f538a15334af5944cd1d43c07a85a
Editor	runtimes/win-x64/native/FastGltfBridge.Native.pdb	Symbols	11702272	4e2df9ed5eea5cb06d5b32c7a50175a4ed712a40b739bc89ffee4d84b0cf5a23
Editor	runtimes/win-x64/native/glfw3.dll	NativeLibrary	232960	a107a8e8378527897d5e99f3a53d01a7289ef5fda564952fbec2769386eccd58
Editor	runtimes/win-x64/native/joltc_double.dll	NativeLibrary	2017280	1efa17fac1bf6a2c0709acdea79e015b1e7b46ecc89e638e404db93061662763
Editor	runtimes/win-x64/native/joltc.dll	NativeLibrary	2013696	79125ab6882a1aeeecd5509bfe9edf383e8e48a34d9a8b642a6b9a197d44df74
Editor	runtimes/win-x64/native/lib_coacd.dll	NativeLibrary	6176256	3f21c3be82713ec5381d77b96c61b54eafaf83eb54c4b9b1165e79438eaa9bd9
Editor	runtimes/win-x64/native/libHarfBuzzSharp.dll	NativeLibrary	1816088	145ade963eba427027d5e1381db5d51a0ef9e98e9fef9efbfa6074ca20da246f
Editor	runtimes/win-x64/native/libHarfBuzzSharp.pdb	Symbols	20918272	4300d75d5af09fbb79d565d9a18573243a93214c811d4f24a33f11f0d4242d93
Editor	runtimes/win-x64/native/libmagicphysx.dll	NativeLibrary	4985344	4629390cd8faa1a89b40d287dece3d55d8c9de6deaaf3d56342d3fb09e59c88e
Editor	runtimes/win-x64/native/libSkiaSharp.dll	NativeLibrary	12271968	7d81368aff17a4ab15c83b7c48f8c210a49f3a047e8779317c648178398708a3
Editor	runtimes/win-x64/native/libSkiaSharp.pdb	Symbols	89133056	45bc914a8dbcfd144d47c6df9fd38d702597a8cfb53022b95cb56536e8bf021c
Editor	runtimes/win-x64/native/Magick.Native-Q16-HDRI-x64.dll	NativeLibrary	23980720	58914005bc514fe7f3744e0899ee8a86c9e83e675f6c7aec6906bb2ef70dfa9a
Editor	runtimes/win-x64/native/meshoptimizer.dll	NativeLibrary	154624	2de96dbaa821ede81df51e37e7ab42d482f7160445bd5fc34ba18241807921e1
Editor	runtimes/win-x64/native/raylib.dll	NativeLibrary	1894912	fb7dbfef99ae547b4700ca6bf007d4208b59416619edf1eb377a4fd6886d6c80
Editor	runtimes/win-x64/native/SDL2.dll	NativeLibrary	1702400	c3b50f5d8e277ae1f13642ca036f0eba3155a62b141142f254ce995c74f49fbd
Editor	runtimes/win-x64/native/shaderc_shared.dll	NativeLibrary	6962688	8e13592eac48b94755e4aa4c41552b210b41ca906d0bfe35b0a6d47a97d0b7c6
Editor	runtimes/win-x64/native/soft_oal.dll	NativeLibrary	1113088	a6ab25f02bb6ed35bc301655e11da63c8bf55614a8c51326c7e4f033041a2957
Editor	runtimes/win-x64/native/spirv-cross-c-shared.dll	NativeLibrary	1761280	c81a8d50db61bd319992e2ed41a083b75d35d8d9530cdf212421bf7a65d592d1
Editor	runtimes/win-x64/native/Ultralight.dll	NativeLibrary	391680	27d64ff4077281a5fb91fac461cece6d458aefb0920b4fffae86b5dee52e23d1
Editor	runtimes/win-x64/native/UltralightCore.dll	NativeLibrary	2280448	b3073dd716f99b2b8f412bc08639f9df1affa0996660701aa538d36cc5d1abed
Editor	runtimes/win-x64/native/vulkan-1.dll	NativeLibrary	663552	2cb843cfa9ee9586d2c863ff33454b8ce352a8a96dfe1021b492dfd237ecf8af
Editor	runtimes/win-x64/native/WebCore.dll	NativeLibrary	50532864	29a25da7ae25df3758ef2239134361679773e6f75e14bd37d79d8ac15442f9f3
Editor	runtimes/win-x86/lib/netstandard2.1/Steamworks.NET.dll	ManagedAssembly	388608	3d435843ac5945d092ce7913f13f464e290e27c3b288d5ef87f4b19c830622f8
Editor	runtimes/win-x86/native/assimp.dll	NativeLibrary	5207040	c048492a1f1681f5aa004dbbd144dd5c804a1354828eeaefdcfa527326f8c000
Editor	runtimes/win-x86/native/cimgui.dll	NativeLibrary	1288704	320e13f5770a14b8ea9fc301024c07282e41875d8efe88402b20ad405ecbb70f
Editor	runtimes/win-x86/native/dstorage.dll	NativeLibrary	165960	3abe353ea149cebe71927c2fecc5680ec2d06f6eab9404e92d91b444f2cd0a43
Editor	runtimes/win-x86/native/dstoragecore.dll	NativeLibrary	1373728	41ddb6a6d638aa8c6945572278ef6967ef1b91d7b3864df6abb34192cc84b352
Editor	runtimes/win-x86/native/glfw3.dll	NativeLibrary	211456	a72a91a3186b5b95ab509db5a8496cdd131e1435f2fc3c58b350474806b61f80
Editor	runtimes/win-x86/native/libHarfBuzzSharp.dll	NativeLibrary	1518624	99a97ab4b2b4b60f37930584d79849bd3ef2d1252c51ac47df9805deb08912af
Editor	runtimes/win-x86/native/libHarfBuzzSharp.pdb	Symbols	20705280	d830a0134f7dbb1cc6002542fd874d87edb415de3e8e3e841d1306ec6f528a54
Editor	runtimes/win-x86/native/libSkiaSharp.dll	NativeLibrary	10715488	f7bc3765fa08f45078672bf161fc9236d262a2360566f37965095dec3ad612c7
Editor	runtimes/win-x86/native/libSkiaSharp.pdb	Symbols	91856896	d5b58874c61b5006695b3f0a891c30b9698f31edd63bbfb6ec39cd839d7acece
Editor	runtimes/win-x86/native/raylib.dll	NativeLibrary	1655296	eb074ac3af5a729f2112d5c017d2330e2c0350bce9ee40abf726602c2a26fb9f
Editor	runtimes/win-x86/native/SDL2.dll	NativeLibrary	1434624	d6b656a33abd2cb01af85d2a9cc818c665a02fcbf79a07c54cfadd1f9e2b65d7
Editor	runtimes/win-x86/native/shaderc_shared.dll	NativeLibrary	7878144	1882e7c8f08d747e55e98d833a5cc1b37e252e1f7cdbd7a87ba4aaa37a02686e
Editor	runtimes/win-x86/native/soft_oal.dll	NativeLibrary	996864	8eb95ea8aa145ce33a2f301f4b5b5117982e62bbb8562ca83e88cac5113e3a0b
Editor	runtimes/win-x86/native/spirv-cross-c-shared.dll	NativeLibrary	1487360	97e5e7ab2f1bce07a1d483241cf28f69ddfc83f2d7702de06073397ad4b8928e
Editor	runtimes/win-x86/native/vulkan-1.dll	NativeLibrary	660992	481b3b446faa67015e0879f7ebaa018cc5872807fc5e31f65c0019a3861a4476
Editor	runtimes/win/lib/net10.0/Microsoft.Win32.SystemEvents.dll	ManagedAssembly	80680	b6438e57241f9beda1c457db6ff1b4ed3e94b37ffcc3dab42c80b0dc0f1aa2af
Editor	runtimes/win/lib/net10.0/System.Diagnostics.EventLog.dll	ManagedAssembly	176912	6769bfb620e9243b0840b311ec21721bfe9df0f9fe6b5c5dc87aac8ad6f7e5e4
Editor	runtimes/win/lib/net10.0/System.Management.dll	ManagedAssembly	314192	5b117ffaa406309771a0f1487ee643d20fe72365c4554fb16e08cf883f9f237b
Editor	SevenZip.dll	ManagedAssembly	56832	976dcd9850b04cae4c4980dd47d58758535f00df6b5ab5cb4fb416eb2c93b788
Editor	SharpCompress.dll	ManagedAssembly	2459648	1878248f09190a8019727d7ea724f2db6c53efdbadf77053216cdfd446553db5
Editor	SharpFont.NetStandard.dll	ManagedAssembly	135680	05a90c3b07cccb1b2a69657f8f75eb7aef4cd137c6df60e975134c72cf81694a
Editor	ShimSkiaSharp.dll	ManagedAssembly	218624	0ac0be60dafe273f4ca021bfda16d111ffba990f39e97ac9edc3bcf488e39603
Editor	Silk.NET.Core.dll	ManagedAssembly	310032	56e4a018bd9a4e0fb94f97331191db7e86af98b0e23082ea36863f146e217a5c
Editor	Silk.NET.Core.Win32Extras.dll	ManagedAssembly	7100176	c9e13c06ffb3bbc70be8810aacb7529040c8141ae57a29aa3bd6ebeed35f1f21
Editor	Silk.NET.Direct3D.Compilers.dll	ManagedAssembly	15896336	a68db9ac8c1a29d48638814b526ba653e88890ae0f1603b207a434bbb0159bf3
Editor	Silk.NET.Direct3D12.dll	ManagedAssembly	15839504	2e3c0080e72570ad0e7db3f1088c33bd446e1d88c8849c29a0191a6bfc54e85a
Editor	Silk.NET.DirectStorage.dll	ManagedAssembly	126736	4929cf22e167c148ee74b78609e265fb916b00cf562cbce2264071d309c96da6
Editor	Silk.NET.DXGI.dll	ManagedAssembly	1727248	360b07b93d0795caac4bea27c4c7f1b18dcca69c7fc2cb2083ed546d3e112e7e
Editor	Silk.NET.GLFW.dll	ManagedAssembly	84752	9c3c71d2fe0b01bb4fd00e7047001b99db8869384b7ba6b9750f389eece224dc
Editor	Silk.NET.Input.Common.dll	ManagedAssembly	41232	4979f2a0afd682e740c247fb103cdd8368d87381728cf633d3bfa4515c0289d1
Editor	Silk.NET.Input.Extensions.dll	ManagedAssembly	26384	d500d97a13f6f366a277c24908306c178c0ba3ef665e743920c44301c77e803d
Editor	Silk.NET.Input.Glfw.dll	ManagedAssembly	49424	43d615b40d28824c7b7eb488e2b891a09ed6353dd3d0d73a366c67abe8b5270e
Editor	Silk.NET.Input.Sdl.dll	ManagedAssembly	45840	8eb9689b534fd0c5004d8c4da51f78aed3faa6b8b1bd572fafe65a77eced7312
Editor	Silk.NET.Maths.dll	ManagedAssembly	324368	c3b2b856435a1824f21d0467241f7ef7929980fc11a61d651166ce60828475eb
Editor	Silk.NET.OpenAL.dll	ManagedAssembly	67344	a0732fd0edef476ba7e488bed19aa7306ccc3b5e5a993809f10ac050694cd40b
Editor	Silk.NET.OpenAL.Extensions.Creative.dll	ManagedAssembly	69904	4e37aa84418c74c69c05434ccf24cd70e12b0eb62b994255a4bab8286e816b16
Editor	Silk.NET.OpenAL.Extensions.Enumeration.dll	ManagedAssembly	21264	e5d1a7aa5a22e1b0f500797ea6a011a86fe0d9528dd3bb45ca627f83d63fd5fb
Editor	Silk.NET.OpenAL.Extensions.EXT.dll	ManagedAssembly	30480	0c6c68749172baba8e762fe25b79a3fe5ce713e5cdee9d6d4204b6dca4252519
Editor	Silk.NET.OpenAL.Extensions.Soft.dll	ManagedAssembly	33040	ce353ae5a437e59a1744d7e864760cc56cd19f28e9ec7782a1794c6825da48b2
Editor	Silk.NET.OpenGL.dll	ManagedAssembly	2814224	65fa25d99f255e459dc4604186ee351a7d9a0d636b4c551bc14cf6c981ad805e
Editor	Silk.NET.OpenGL.Extensions.AMD.dll	ManagedAssembly	44816	444d17917d9553af6ec1343387021d1ac35d7b551860aa10217e537ede145504
Editor	Silk.NET.OpenGL.Extensions.ARB.dll	ManagedAssembly	1674512	ec58ec9c0f4ec83b89b58bb66056e52052ba8bbd43b84181b7b16d1e862ba9f3
Editor	Silk.NET.OpenGL.Extensions.EXT.dll	ManagedAssembly	788240	0a69d88686b40141c0e1935e8231dccd592ebcf4e9eab7d38928eb9cd4cf464b
Editor	Silk.NET.OpenGL.Extensions.ImGui.dll	ManagedAssembly	37136	3d3dd9628b646926257c1ca2f0e7d0f4c223c8619ead7206a527867b50dbef67
Editor	Silk.NET.OpenGL.Extensions.INTEL.dll	ManagedAssembly	408848	9f84134e1593b78bf9d2482c7f0a8a726aa40586150e20a88b66c256241bb608
Editor	Silk.NET.OpenGL.Extensions.KHR.dll	ManagedAssembly	27920	1db7d10e836666cede3969902ef5dcce43e89a138dfc7ab1131dbbd5c8326c73
Editor	Silk.NET.OpenGL.Extensions.NV.dll	ManagedAssembly	547600	30d30c598336a3a87954705598f7515b423b2b0f8398ad11cb946682d2310a11
Editor	Silk.NET.OpenGL.Extensions.OVR.dll	ManagedAssembly	22800	118f596e76cff79393e1b50614f85008aa291954947ce775c18e08817efbecee
Editor	Silk.NET.OpenGLES.dll	ManagedAssembly	1960720	610744e44810c6d6e767586cd2755d0b134e0d9f08d01a0fc48b78015b254111
Editor	Silk.NET.OpenGLES.Extensions.EXT.dll	ManagedAssembly	448784	7f8b02b35fc0dfd111c782cbfb7b3a2ea6355707ff6c697f4745871f7602fbc2
Editor	Silk.NET.OpenGLES.Extensions.NV.dll	ManagedAssembly	501520	3438bb763bc1b9d3491b8be5b126d5ded52369d11b9b3aa4fba058b69f062fa5
Editor	Silk.NET.OpenXR.dll	ManagedAssembly	963856	5608ec9d78cc2d61a5fa63b5e5ebefb6a1ed9bdff1fcc585df68c346cadc4f6f
Editor	Silk.NET.OpenXR.Extensions.EXT.dll	ManagedAssembly	140048	7709007ff989716d6c50d0a6a04e8f2e99cb049fd6504260a52a9ba5289f31b2
Editor	Silk.NET.OpenXR.Extensions.HTC.dll	ManagedAssembly	36112	e59238102ee32260bdcbd4c563e9464c7c7c0d82aa3de026369520c2cef931c9
Editor	Silk.NET.OpenXR.Extensions.HTCX.dll	ManagedAssembly	22288	3da7a78129152fb8c8ea037daafa7d720a7d91c5fd33d4611a4000f791195120
Editor	Silk.NET.OpenXR.Extensions.KHR.dll	ManagedAssembly	62224	03f72323bf5270c0dc9780473ed79384e263342f0b0f5bed4cfa340d85e1a0a9
Editor	Silk.NET.OpenXR.Extensions.MSFT.dll	ManagedAssembly	84240	4433ceadecd6bf8ea85f048042d57bac88e3ffb004acee07a892cef6dfd9af71
Editor	Silk.NET.OpenXR.Extensions.VALVE.dll	ManagedAssembly	18192	64e20d2bcff59befcf98e2033a3b6f4f63db11ec3c5c0ddb68f59fdbbd66d857
Editor	Silk.NET.SDL.dll	ManagedAssembly	1591568	584488ff8480ab2e2dc4c4775065caf99ba60e18b9457443f463e968f5c86b8d
Editor	Silk.NET.Shaderc.dll	ManagedAssembly	110352	09e99084c2834f584916a2952cc05f687d30404cf6cafcaa3495a90d445bea78
Editor	Silk.NET.Vulkan.dll	ManagedAssembly	3251984	5a56f1fe4db712091b6db94e16b6f7e71049027e48f0ee72e001846f1d7a5f45
Editor	Silk.NET.Vulkan.Extensions.AMD.dll	ManagedAssembly	29456	65fa127b752b05a034ac79c739ec6ff16e8ef5cbc51b847ea18766f31bff4ad0
Editor	Silk.NET.Vulkan.Extensions.ARM.dll	ManagedAssembly	73488	9023509e737f05fd59ac1018114c0a54a4cd07f7cc23f6cb8cde5d5cc4fb064d
Editor	Silk.NET.Vulkan.Extensions.EXT.dll	ManagedAssembly	365328	7da6e8b3965ce5097409c728da86cf3d0184647b09255a9675bcc136d55cefa0
Editor	Silk.NET.Vulkan.Extensions.FB.dll	ManagedAssembly	18192	7d5e2b5cfdc69404356ae6902d05a086fd0892f51bbeca66523c60d2de970b31
Editor	Silk.NET.Vulkan.Extensions.HUAWEI.dll	ManagedAssembly	25360	8d40403c124df0ebab77aa420e61714385aec9f869abb98e19116f7739436e28
Editor	Silk.NET.Vulkan.Extensions.INTEL.dll	ManagedAssembly	28944	e0b2aae5128858bc6fd39400a4cefe7b63b43c18bdf90adf482b65d6fb708092
Editor	Silk.NET.Vulkan.Extensions.KHR.dll	ManagedAssembly	445712	be226e227f8695b714db140d5f267760c69b2d64a929b10e3d29d2787dd6edf7
Editor	Silk.NET.Vulkan.Extensions.NV.dll	ManagedAssembly	142096	7c0fb0f4297881cb1c708dd031b51e9fb724d03043476d0683491e35057c614b
Editor	Silk.NET.Vulkan.Extensions.NVX.dll	ManagedAssembly	33552	b294db4a22a66b314fcc81c0352d65e12e7938e26af1edeaf587dec3bacdd9ce
Editor	Silk.NET.Vulkan.Extensions.QNX.dll	ManagedAssembly	27920	60190cfd29f9962af0da3c99a75b6371e327a50d4b29c05b42dcf5a122bc5718
Editor	Silk.NET.Vulkan.Extensions.VALVE.dll	ManagedAssembly	23824	b3fa9f8975683cb76321c5183b7388c382bdf0ff53ced17335da6b2bbf7c9275
Editor	Silk.NET.WGL.dll	ManagedAssembly	44816	7574502fcead6298b50082665094e691886f1e4f8edab9718628e6024ada5365
Editor	Silk.NET.WGL.Extensions.ARB.dll	ManagedAssembly	53520	5c09205dfbd0adf23f05e04082bb1c9f2bd69b77475bd3cb370d7c508f96f161
Editor	Silk.NET.Windowing.Common.dll	ManagedAssembly	54032	7c80870d5135714dc30efa71e4adb0de9a8c699602cd7e5409d6b21eaa5fad21
Editor	Silk.NET.Windowing.Extensions.dll	ManagedAssembly	20752	a7a06ccfedfbcc6f0e80b0803654bd24c159fbe769fec4475cc48757143243c3
Editor	Silk.NET.Windowing.Glfw.dll	ManagedAssembly	41744	62d66480ff7e9973a231c5898e7c293d814558e5e156f59898ba41db2b98f4a8
Editor	Silk.NET.Windowing.Sdl.dll	ManagedAssembly	44816	33a8fe9f955b550838a2e5c38809fe905fe1a6d5104f3de8ada739f8cd0223a3
Editor	Silk.NET.XInput.dll	ManagedAssembly	45328	de0dd52b189e39cfd5b4eaf5b02067f7c4044fbdad66bc4bf19c7af72b1d2897
Editor	SkiaSharp.dll	ManagedAssembly	527160	6e9f9367c0a30ca826065af19b2a6d6138c35ca9b47a72865539267f7e1bb1d1
Editor	sl.common.dll	NativeLibrary	830080	c57930ef5a8a3fe9be85efdf71a61d8107c1148e8a6aed456464547128f7f4ae
Editor	sl.deepdvc.dll	NativeLibrary	375936	fcfa3d30dfb13f71ef4c9dcb9a297f2cdc3d23efb473f84619c2cee1a579eac4
Editor	sl.directsr.dll	NativeLibrary	369280	be61327be4c7984edda294ce9107b243a62407c8821d3fade52142b38246be95
Editor	sl.dlss_d.dll	NativeLibrary	436864	35e4f8fc8396a08514a4493b87ba507445f886dad4b7c6c024d3305824236be6
Editor	sl.dlss_g.dll	NativeLibrary	612992	1fec3f8fdfc59d78c4445c276c1a0fb798bf251985f348597dc2b44d0c995e52
Editor	sl.dlss.dll	NativeLibrary	421504	a997022d2b93601e0eefc3ddb3067c36df386dd3163ae71e11095191fb14f8e4
Editor	sl.interposer.dll	NativeLibrary	647808	2a79db6857ae8c75bbd871a9489c48bc6a39f7fcc88b9b02afd53d0376cbec66
Editor	sl.nis.dll	NativeLibrary	1155200	82ac2d3936ad24856b2219ce43016e7428539bf9dfc217a690a3cc8b05adaf63
Editor	sl.nvperf.dll	NativeLibrary	760960	7defb0910a52e92e367d6f9fb3067d34e2b8508c3ac63b58a9a6e307602c4fd5
Editor	sl.pcl.dll	NativeLibrary	359552	699ab461e64e95189a7fe6a21c79ad237cf56b60ea748cb6c840cd5431ba91d1
Editor	sl.reflex.dll	NativeLibrary	382080	7e6e4ccc4b561bd449fb0da90709d9b96b08c3f6f4697362caaa359e72a58a67
Editor	SPIRVCross.dll	ManagedAssembly	146432	85ff3fc8e6441fee4356ce7e242edc614f09de27e343fadae4277b2b65c61539
Editor	Steamworks.NET.dll	ManagedAssembly	314368	316a154e7111a052a4c2492b3cd9e302d24ddb2ac33b0141fa8c17c62206a3b2
Editor	Svg.Animation.dll	ManagedAssembly	124416	97e1674100225717aa2b5313ee6c3735cf87ef9056862df178ee2b91ecccf8c9
Editor	Svg.Custom.dll	ManagedAssembly	1020416	89242eb48a25e40dd4c06ad839e11addccc5c07412e319953752f7c963291704
Editor	Svg.Model.dll	ManagedAssembly	160768	df2b9eb253873321155e8b3173797d591a92d405f29ae725224e447289dc51cf
Editor	Svg.SceneGraph.dll	ManagedAssembly	1186816	c7142d663bd11b898038f68eac40cb1182065f5cd1a3ec4bc2c18cbf0d3b6eca
Editor	Svg.Skia.dll	ManagedAssembly	292864	7bc7fb1621133b3ca78edab82e26b520205107b0aedfb07b4a73eeb0050fc611
Editor	swresample-5.dll	NativeLibrary	657408	c402761122d28b94a936f25b9a2f6c6a92f061f209ac73f51851d61e86281172
Editor	swscale-8.dll	NativeLibrary	702464	2fb6eead9d34966350ca585534a37f6a8ef552880fddee92b260702d2a11b31f
Editor	System.CodeDom.dll	ManagedAssembly	184656	455ef209be2a45cd70176c53163ec6a4a3fd29a69b5bbe09ed67e060e3a858da
Editor	System.Configuration.ConfigurationManager.dll	ManagedAssembly	444728	0c708360893219c4de7683a2852875be05b6aec758eb3e0db04b34be8696a9ea
Editor	System.Diagnostics.EventLog.dll	ManagedAssembly	54032	e624ac50f8d2c8065f41fd613616ce797b82b4d05d6255f8ba181012c8d003e9
Editor	System.Drawing.Common.dll	ManagedAssembly	422224	880a9f5e26c39b1f3cc415331eb5d05e8b5959f433ed5307f8dd42b732e40784
Editor	System.IO.Hashing.dll	ManagedAssembly	56104	fc7e609344fee87a82afc924d5918f1149a3d896ba1914617abe4113d619591e
Editor	System.Management.dll	ManagedAssembly	74024	716b10782409470c7d061a098a77e45cfc47680025355831a62ab09fa9beb0ed
Editor	System.Private.Windows.Core.dll	ManagedAssembly	1226024	a336198bd603b0ef8ddeca57c3d669dd9d348e8fcdfb139037a9254512a433c2
Editor	System.Private.Windows.GdiPlus.dll	ManagedAssembly	168784	2f6cba74909a3d1ba1e9ff4b1594663fdd2251027a181bacfc2d6934fc1e8922
Editor	System.Reflection.MetadataLoadContext.dll	ManagedAssembly	257288	e8cc25507b745c60f2a82cc33eee2bafd7c481435c8f7476ea29f39883137c92
Editor	System.Security.Cryptography.ProtectedData.dll	ManagedAssembly	39760	13243b72b164865d604b99bf32dd5201212029deeb00af72b4f20b6cf60e4d48
Editor	UltralightNet.AppCore.Binaries.dll	ManagedAssembly	5632	4a85046275b775ed2ad13ab5dab011a619664d53317ac759e16ce2caba037326
Editor	UltralightNet.AppCore.dll	ManagedAssembly	28160	b8f890b68e4b302bc65c73d8dcde12bdebda43e932cac77b98539017ed4c53d4
Editor	UltralightNet.Binaries.dll	ManagedAssembly	5632	5adaac35f3e1728a7de8431bdccbbeeb978d9c662772756225f01e77eb85f583
Editor	UltralightNet.dll	ManagedAssembly	6784000	7a6f8818336ea750e341cdd696406a9d41123a31c27e0ba615a8f59817aed63e
Editor	VulkanMemoryAllocatorBridge.Native.dll	NativeLibrary	218112	a5f462fe1cf286973b0073623e9065c204e499a1bf00667083579d9f7985b4f8
Editor	XREngine.AgentOrchestration.dll	ManagedAssembly	150016	eccd9afa95b46c1ba08197fad756c246d7d3afd751f727daded1a92816c21c68
Editor	XREngine.AgentOrchestration.pdb	Symbols	45568	05306cf42764ab8a36dc99a813bd9c361c77345ac9226561192e32ddd10fc40a
Editor	XREngine.Animation.dll	ManagedAssembly	772608	7611eaa1cca50b1661eac1cf6e315012b10d0f0456695be0f4b0e334fe4f3077
Editor	XREngine.Audio.dll	ManagedAssembly	215040	ff0df0efa6c441cdab4a488409234fdce31c00a762349f6606d9c7f9848e26a3
Editor	XREngine.ControlPlane.dll	ManagedAssembly	202240	012ec16033205a1a7aebf2907bf7f0ca1d3db60d215a487c07d0f6454d5d1741
Editor	XREngine.Data.dll	ManagedAssembly	1986048	b08ebbbda45a0a97c81c48bd9650ed4046131fdfc35da58362a75ef557e50cd4
Editor	XREngine.Editor.deps.json	ConfigurationOrManifest	144018	2d92bf05d322ba42172ec6707d694d377b00c412893fc2db3ce58bccae23d448
Editor	XREngine.Editor.dll	ManagedAssembly	8519680	6223804e3230b76d8fbe4f34cdf68fad2a740bfae0795211ce6fe7d4b0d6ba35
Editor	XREngine.Editor.exe	NativeHost	162816	7962d410a6505e5d9150446b81a81f1fe315858684ca4622aa2e0efbee9e3431
Editor	XREngine.Editor.runtimeconfig.json	ConfigurationOrManifest	755	007d14bcccc95d59f2c72ab0682e83ea8a82bdff674fb9440a05c0f1e7168540
Editor	XREngine.Extensions.dll	ManagedAssembly	89088	b703f7e2faa2a16b0a58997728c7a1059cee08918172bb373f59d1b9bd796c14
Editor	XREngine.Fbx.dll	ManagedAssembly	308736	9c180b88ac5e26be73744ecca18322a81dd3e2970b5c7ec7256c000646f21ce3
Editor	XREngine.Gltf.dll	ManagedAssembly	82944	d91bb4fa84db0e8dc76553a8285f94d90c048af6a0b21dbfcbe0dbbe7210ca8a
Editor	XREngine.Gltf.pdb	Symbols	29484	bbd6c97503715bbb62ba044d4bb17024d93ec4afd847a1fe4c8a299d6b822fbc
Editor	XREngine.Input.dll	ManagedAssembly	91648	3fa0a30d3665283050fea118a2633825011bfedc94cd15db1199473f5b9d68ef
Editor	XREngine.Modeling.dll	ManagedAssembly	82432	3b8ededb6d7c8fda73a88d501cd159950291f5ed141d17792405cc79fd1ba2df
Editor	XREngine.Profiler.UI.dll	ManagedAssembly	151552	825a92fda05d0a6b717383c137d6b141816a5b243ac6f11d4b100aaf66006ecb
Editor	XREngine.Runtime.AnimationIntegration.dll	ManagedAssembly	837632	56f9a84a43ac3b393a050c62861ec2533a2b8d22c1c6c0960d9eb3bf9b163ccd
Editor	XREngine.Runtime.AudioIntegration.dll	ManagedAssembly	273920	f820baeedbf0c66738f3c97c97aac649ed0a636db96a0478cbed863995aa3806
Editor	XREngine.Runtime.Automation.dll	ManagedAssembly	88064	9bdf23e58f578aaabd09e4afe9eb3ade9a5128425b25c29f78bb6257139998c1
Editor	XREngine.Runtime.Automation.pdb	Symbols	31236	eaaf2bf1ab2095b30a444fb37d9c56dd59385f46360f61ee0ff29f48b2187b57
Editor	XREngine.Runtime.Bootstrap.dll	ManagedAssembly	1602560	bee6122cf05a173b431c535ad6fdd684c5c56221ab8689951f7e3a6f744e68e8
Editor	XREngine.Runtime.Core.dll	ManagedAssembly	2911744	4134ebec53afb74f8ad55e85336afe281e914bbc0438bbd928cff95323dd3904
Editor	XREngine.Runtime.InputIntegration.dll	ManagedAssembly	158208	192b5a2f5c374eb6fe9b597713ce7ecedc54edff505f7acc2b52bcaf6d9c601d
Editor	XREngine.Runtime.ModelAssetPipeline.dll	ManagedAssembly	430592	7e048281de3f5af6ed44e4814125f6b38130078d734ba9414a1905780b603b11
Editor	XREngine.Runtime.ModelingIntegration.dll	ManagedAssembly	45056	da7b8ec064db2c4ea15da84fd66e3ac208c6b225812a1efce9331a48dc0a436e
Editor	XREngine.Runtime.Rendering.dll	ManagedAssembly	9413632	37599ea549c24da51982a05b3cf651b1cf27ee69e764231b8d187c47e920c628
Editor	XREngine.Runtime.Rendering.OpenGL.dll	ManagedAssembly	1060352	9ed9ed2a984fe9dafd8d18b4f4b9738b10cdd5a460ca37e4dccad9f8110f5771
Editor	XREngine.Runtime.Rendering.Vulkan.dll	ManagedAssembly	5749760	a4db82002d2ff7944b9f114b857690b45496e1f96b1a127b2f2339807a610dfb
Editor	YamlDotNet.dll	ManagedAssembly	300032	d618138109a40e4a7250e49e2abad8c450e3636bee18d7499ab231e37fa9150a
Editor	ZstdSharp.dll	ManagedAssembly	396800	b285bb9f59928becb8e048bf2a75e872f6555f8773d7b72386a9f77f447f425c
Server	Assets/state.asset	Content	97	ace7f30cf56c1fda2a1f1c0cd93d20abf062bc959e759579040b025146a41ea8
Server	Assets/UnitTestingWorldSettings.jsonc	ConfigurationOrManifest	6479	bf19c01f898f1bfb4d29640b44276f9227de819664a79b1c5edf4b3935890f21
Server	AssimpNetter.dll	ManagedAssembly	190976	7c10c7f0532cd438a207876d004fddff55584619c50fa7fe11bc9c5d5d225700
Server	BitsKit.dll	ManagedAssembly	35840	98c963458aff2c5e8ff0a348f3bb82bbe7c85c64bd095d3094940f1e17875225
Server	DotnetNoise.dll	ManagedAssembly	47104	424356f6a43e0c4af2e71254c5a769eb0cc09db6d9947536ad5192c0574e4f6c
Server	DXNET.dll	ManagedAssembly	249344	6a1e9d3a718ad741f07c67cb0c09673d660b76a4b75a8238b4e14fbb5dd839f8
Server	DXNET.XInput.dll	ManagedAssembly	14336	f7c018971f27a91fcac11360856d428896e2aac62945b2f826af90541a6969e1
Server	ExCSS.dll	ManagedAssembly	347136	6b166e638181eba3150f0d10379d1cc8362af6dfd518e9e9e194aa9a746293c2
Server	FFmpeg.AutoGen.dll	ManagedAssembly	647680	291b6283b731418bdd7a7546fd190666a181f3b7aa5c0255dc340d62702ede36
Server	freetype6.dll	NativeLibrary	581120	7e0b8b72369cf57086ced3b496ad3fed3beb089438389e181ef4c9f73333a3ba
Server	Google.Api.CommonProtos.dll	ManagedAssembly	450048	329cf0f2b66c5cbf675321f0d6b33c17d1092e5761f32d3d2c1307a110c0dbbd
Server	Google.Api.Gax.dll	ManagedAssembly	79872	1adedac4a241a93c34a41a8939151cccf35381fc6c4d4cc890216eb191032639
Server	Google.Api.Gax.Grpc.dll	ManagedAssembly	204288	895e406b21b4ce8bdff1791107116fb5f23ab3b9981e2b5bd4cb4fc747fe4972
Server	Google.Apis.Auth.dll	ManagedAssembly	246272	a2a4f688c1e34bca248c2a589e73a20ac3c834a9615c13bcb08a317a78842609
Server	Google.Apis.Core.dll	ManagedAssembly	86528	198f959ef53b86d9c6f4b3305503960995cfaaa096252dc7bbbb803c57c58bc7
Server	Google.Apis.dll	ManagedAssembly	84480	7d9abc7e9b29b2414d7ddee9286a4ce997d12cb6a55badcc1eb975ed5e1d4092
Server	Google.Cloud.Speech.V1.dll	ManagedAssembly	212480	c4cd890c1e736a71860eed5da1562644981fa4d8ea981ce7f54f5931b48502c1
Server	Google.Cloud.TextToSpeech.V1.dll	ManagedAssembly	126464	ea44f545d107f85a3f688a9a01e5d3ebab342613a9c3b419bed5710f2c8f320c
Server	Google.LongRunning.dll	ManagedAssembly	64512	f28db50842aaebe022b837be016aca0a77bcf71b2f371a785428c1ab504b919c
Server	Google.Protobuf.dll	ManagedAssembly	495712	dbd8f2ff0822d2fc0164ae255c0661ce84afc9ba328a30a4a50ba5f54ffee896
Server	GraphQL.dll	ManagedAssembly	1089536	f65fbb2271485fd904315a15c45c65d387d5bc6b9353cb7834047689295e6647
Server	GraphQLParser.dll	ManagedAssembly	330752	c1492c695cce229b813d7ef82df6469888bf7d62c5d39c59c0d86826d8788ef1
Server	Grpc.Auth.dll	ManagedAssembly	21600	d9f18b65825caaec7242324cb96f03d263aa9086d1ec747d1d28242bf8f58db2
Server	Grpc.Core.Api.dll	ManagedAssembly	70240	c14ac4d4c97e03cf1f05892caeb6346457ac25c8b1b7ee3e12a720fcaa1fb2e2
Server	Grpc.Net.Client.dll	ManagedAssembly	359520	75fe0ec43986ef6e78cf41268728909b9819263273fb1e84146c1c6ef58e0028
Server	Grpc.Net.Common.dll	ManagedAssembly	22112	c31a578aed06bd7723ec24139882bbd10e18b79a6fe190482c771113ce32bd43
Server	HarfBuzzSharp.dll	ManagedAssembly	122400	2d31f8658a16073c1f0d8524f927ed9316ca5ae9158a46e5710a1ef876ed523d
Server	ICSharpCode.SharpZipLib.dll	ManagedAssembly	258048	32ea2d0ce3512e74f1c7ad82591fe67e6b8939d76a8a4ff9c93ead030131e71c
Server	ImGui.NET.dll	ManagedAssembly	317440	1b519dba38e8ff0ae85721086c0646c7589c7772b80bf2297a3e8ead1f2a1c41
Server	ImmediateReflection.dll	ManagedAssembly	61440	0abfc37931e3e514f2294eb0a069eec3395bbbaf50a7b72ebe25e9863c91ac55
Server	Jitter2.dll	ManagedAssembly	278528	be9a5ce58e24fa5ccd7aa82da03b158422b9134aa1bd86001ed81a76a835ac1d
Server	JoltPhysicsSharp.dll	ManagedAssembly	457728	f5d4ffdd02ef3d30101759f8b024475f9dec3fcd95de9b2b6fc303102ceab64a
Server	K4os.Compression.LZ4.dll	ManagedAssembly	70656	e282aadc2353b864fe95cd5fb525a1a093d99a30a5bf2530b7ab831d56179816
Server	lib/x64/freetype6.dll	NativeLibrary	581120	7e0b8b72369cf57086ced3b496ad3fed3beb089438389e181ef4c9f73333a3ba
Server	lib/x86/freetype6.dll	NativeLibrary	457216	537e89022200059b423431be6e2ce8424618f04853511adb0ed9abc2a36e5166
Server	Magick.NET-Q16-HDRI-x64.dll	ManagedAssembly	1004720	7075987c52d6bbba33343f6faa81595f04d2f2dfce8e9520e8f29c8ad0b3ca84
Server	Magick.NET.Core.dll	ManagedAssembly	1538736	126233abe368695a3b7fd9381cba9cbb7b02f0b107e5183bc2a4b45aefcfd0e3
Server	MagicPhysX.dll	ManagedAssembly	390144	308d7e9fb19a38813914a08ff1a25a1561af8686e1f67604ab4d7eead9335bf1
Server	MathNet.Numerics.dll	ManagedAssembly	1600000	83b41a608e438409d6520d01124f52f57409e229791c0e074e315ace7d9f4134
Server	MathNet.Numerics.Providers.CUDA.dll	ManagedAssembly	39424	e01bd11b5cda9885bc59ddd193789ef87260fbc08e232a21d685a58563fd5be6
Server	MemoryPack.Core.dll	ManagedAssembly	210432	6dc7785eea92dc72b9ea4d9d9b08c585ce87c11ec6b8388d00a179af694cf6be
Server	Meshoptimizer.NET.dll	ManagedAssembly	9728	4b510c324d1b0d280c6580727d47a43ef1db9e40c8d38e6cd9b99e13ca99ba10
Server	Metadata/UnitTestingWorldSettings.jsonc.meta	Content	308	e85416d3715d524c3d8f16c572106390309c5889465030ef5f6f9498e85e9da0
Server	MIConvexHull.dll	ManagedAssembly	39936	fc3a3d64a6c82f95d96f7dd376d552ff5ce1b02ada140ad763f8f8829d3bda3d
Server	Microsoft.Bcl.AsyncInterfaces.dll	ManagedAssembly	16000	5705d245072d3eb78400547b32147dbb6e2c8b02ba8bda76729798f5efdeaecb
Server	Microsoft.Bcl.Cryptography.dll	ManagedAssembly	19248	91c6bab93638c268569a38bc87770a5e3ef9932676f5b7a6d47aef4208062925
Server	Microsoft.Data.Sqlite.dll	ManagedAssembly	177464	1078d41c6c0f2cee48a8b706e3a54ce145705993f19f703d2b3bdf2abcc59088
Server	Microsoft.DotNet.PlatformAbstractions.dll	ManagedAssembly	23424	b1f4ad169fb192747f5d2d3111c01db4257e3ec1f7f18f301f7fc4be3b869ff3
Server	Microsoft.Extensions.DependencyInjection.Abstractions.dll	ManagedAssembly	64288	a0106a638facae621f870eda720cb6c980c1d5d49c2f4351134e3fe043b9291b
Server	Microsoft.Extensions.DependencyModel.dll	ManagedAssembly	85280	48cb00c7cb7debe78133f435d66dfe92c951897c608b58fb993d73254d0973ac
Server	Microsoft.Extensions.Logging.Abstractions.dll	ManagedAssembly	65184	29e6bfaf5ce079ad4d70dc547d966038992a7428df6e726084eb9010ec837715
Server	Microsoft.IdentityModel.Abstractions.dll	ManagedAssembly	19256	f0d349d3b696b871d7988f8e13f9873f463edd1a31d367b22aaa39cdb071b186
Server	Microsoft.IdentityModel.JsonWebTokens.dll	ManagedAssembly	174384	7cdcc830f1e3c3ae4be44a67e37568495d02642955c7d21c1dc5d9947f67e891
Server	Microsoft.IdentityModel.Logging.dll	ManagedAssembly	38200	a4476867e60d666daa22233f954672939861f2292cc699df88093056042f6c48
Server	Microsoft.IdentityModel.Tokens.dll	ManagedAssembly	408352	16c33e63bffff90f1b8698f899f96f3311329f26e940b8f031b1f26d82bc41b1
Server	Microsoft.Win32.SystemEvents.dll	ManagedAssembly	27432	90f625c79faed521a147f44ab5fc6cad7f9fe400bc02b9ece55842bdcac7eada
Server	Microsoft.Windows.SDK.NET.dll	ManagedAssembly	26341408	c633ab241cd09846c2aa409f0bee2026962610404a7bf132c75cbd66b0e5a9f4
Server	NAudio.Asio.dll	ManagedAssembly	34816	035c653468ac70370f51fb5bb2001b4cf868e479846ccc8c7a09789aa22e2606
Server	NAudio.Core.dll	ManagedAssembly	187904	4f8d8c4140146674b103c8a3c46fbc4c768a86c0012a167168e3f7da2b3e5c09
Server	NAudio.dll	ManagedAssembly	7680	99f690cf6cdc829f815c06c27fcda9bd18f85b475a8b1b00898fb669fe39f98c
Server	NAudio.Lame.dll	ManagedAssembly	92160	9bcae325bf8a5b3a57bd9352d879e6093ac4fb8e2369b3f8150449038e78a267
Server	NAudio.Midi.dll	ManagedAssembly	46592	7796a9ec97a1ff29e682855839845da9fe26b6ddcc34addbb514cd73e7a9f02a
Server	NAudio.Vorbis.dll	ManagedAssembly	14848	0ae4de203ffeb14cc5f10859402d3f56e9fe6689c58587d52ba4aa731ef3e8c0
Server	NAudio.Wasapi.dll	ManagedAssembly	180736	00c1b1644ed3423f930507085752ebeb7977e0a01cdd4f3766f303396c033bf9
Server	NAudio.WinForms.dll	ManagedAssembly	34816	7029d547c9da7fad6d32b6fc4fb9120a52f596f6a1c86485ae050a2e971ae4b0
Server	NAudio.WinMM.dll	ManagedAssembly	58368	80807335ee64d5bb26a9de0d1f966a902b5adf32c53b853c8b871937d12b437b
Server	Newtonsoft.Json.dll	ManagedAssembly	723368	a28c251dfe36d881e9e2462e171441b8b0ec156fe3f452602c9149b1b9efe05b
Server	NVorbis.dll	ManagedAssembly	81408	d4fd7a6a7b8672b30f77de08c0256dbcbd0d3eee07b78554ebce97741aa7a819
Server	OpenVR.NET.dll	ManagedAssembly	315392	9c7dd288d079511d06cd4865046b91da861ede96d96c86aff27abc0b8a104a55
Server	OpenVR.NET.pdb	Symbols	55596	750ccb427e3df0fd6d69ef8ac976454bc7f55e7a12b8b83af2820e3c49b683c8
Server	OpenVR.NET.xml	Content	29848	43ac88bef04790391e17a6fc8d79d2d1d77fbc1a0cb7b3efa71d642d4b6ddc6b
Server	OscCore.dll	ManagedAssembly	48640	35afb66d507c22c704a19abc8664f9c1e789f8608bc45d785fbf092b67fc8c0c
Server	Raylib-cs.dll	ManagedAssembly	136192	5a2d9ee82e1f1db5a97a452135c7e64937d567607d1baa03c7cc8e48c1c4d94a
Server	runtimes/android-arm/native/libjoltc.so	NativeLibrary	1989304	724bbbf8ad35558bbddd79dd1f7f2e0809dc714234129c8ba6d4c7054ae016b8
Server	runtimes/android-arm64/native/libjoltc.so	NativeLibrary	2584976	00f52af8c1d6d72e35baffa0e55fe6f0f256c92f1befe7b7b66d6bcf07dd7c88
Server	runtimes/android-x64/native/libjoltc.so	NativeLibrary	2738024	23f791e2444d3c50932fce1596579df46d1de193285db37c7a6a766724c8d85e
Server	runtimes/linux-arm/native/libHarfBuzzSharp.so	NativeLibrary	1988676	7a7bafe7d89c5d361a3890e044bdc5993b234831e5c8c1f768260828969ec007
Server	runtimes/linux-arm64/native/libassimp.so	NativeLibrary	13095328	b3909b2a5d069d1f6a34351bcea26c10ad1a0d5b93d84f686ee280fb94a5e3c7
Server	runtimes/linux-arm64/native/libHarfBuzzSharp.so	NativeLibrary	2657280	68fc5ef842ac0dbd57e8063a11de5bb2f3c2b5af530a2d4fa07a7cf5d6ea4259
Server	runtimes/linux-arm64/native/libjoltc.so	NativeLibrary	1886600	daf06442fdf25bd2fc4234c252e3862ca3a94e32792a4466a9d93723c8bb03cb
Server	runtimes/linux-loongarch64/native/libHarfBuzzSharp.so	NativeLibrary	2721088	e3f25c2a81f919fd0297023504bf0655b626d5d47e569724827cca7d06f9c3d7
Server	runtimes/linux-musl-arm/native/libHarfBuzzSharp.so	NativeLibrary	3017916	fa511560f4420e0b420eb73fa8339af5c6683d71403c611af8ca6ce366f01494
Server	runtimes/linux-musl-arm64/native/libHarfBuzzSharp.so	NativeLibrary	3880784	aa71a80195e31d55b7045bafdc6ec5895b69785cd4b39a249309d3c9fde3e280
Server	runtimes/linux-musl-loongarch64/native/libHarfBuzzSharp.so	NativeLibrary	3577960	82befae55055053a65fc66366b2c75081c28463058c79295d0ef38c6ec2df97d
Server	runtimes/linux-musl-riscv64/native/libHarfBuzzSharp.so	NativeLibrary	2586112	1d0c376dae6362986a294737cb7b2580e6416c007d4cc25aba8c9eac916ffc10
Server	runtimes/linux-musl-x64/native/libHarfBuzzSharp.so	NativeLibrary	3908472	f4b0c632dd41e8000b647dbc463e77602d915ab99914239c8c25a1858430c83f
Server	runtimes/linux-musl-x64/native/Magick.Native-Q16-HDRI-x64.dll.so	NativeLibrary	39722720	4e3f8ab279dc617761c591b66e3e7c2ea223846cbc41c4a558eaf759b1e63787
Server	runtimes/linux-riscv64/native/libHarfBuzzSharp.so	NativeLibrary	2318920	b0a7dfafd7edfecce56819026741e56c8e46b7e8a422a1a1935d392bb8fc3c39
Server	runtimes/linux-x64/lib/netstandard2.1/Steamworks.NET.dll	ManagedAssembly	388096	639c8a578eb2cb9c5f99af08b12fca5a0210fb94742dad95ce3f36eb9f0c8f21
Server	runtimes/linux-x64/native/libassimp.so	NativeLibrary	14261024	0a19996d5a2b41313dd9df65188a04402964f2beafcf49025e481745dcf982a4
Server	runtimes/linux-x64/native/libHarfBuzzSharp.so	NativeLibrary	2808040	1d5c3afef13545bf34bf8f068b14e25ee619c3b6dee235c44e260fe61cb24018
Server	runtimes/linux-x64/native/libjoltc.so	NativeLibrary	2087528	3800cc6fff9e5470c524b15e8895599f90e9b96129b3f5cf9f76504beda178a3
Server	runtimes/linux-x64/native/libmeshoptimizer.so	NativeLibrary	206832	48ee7bbf5f083c0120c5504897f0a8d378ec4bea143fefb35685e01877fa51d3
Server	runtimes/linux-x64/native/Magick.Native-Q16-HDRI-x64.dll.so	NativeLibrary	37456304	47107f7e21533a355ab77e2ada3dfe7959da5e64e46b2a09114a89b607bcaabf
Server	runtimes/linux-x86/lib/netstandard2.1/Steamworks.NET.dll	ManagedAssembly	388608	4ab2e15f0a5d151f940d7cf8140a0fe5cae80581da5f5a03434efea7a0f75505
Server	runtimes/linux-x86/native/libHarfBuzzSharp.so	NativeLibrary	2735488	9171121cc7c5f76d13e3458ea17e9eb6afc74f38ad0e6e2290f050e3557afb42
Server	runtimes/osx-arm64/native/libassimp.dylib	NativeLibrary	9590160	4a4555d083ad70f4bf80a25f771d0c573b75e1598ac51b6d16aa0f162850231e
Server	runtimes/osx-x64/lib/netstandard2.1/Steamworks.NET.dll	ManagedAssembly	388096	639c8a578eb2cb9c5f99af08b12fca5a0210fb94742dad95ce3f36eb9f0c8f21
Server	runtimes/osx-x64/native/libassimp.dylib	NativeLibrary	10078328	3f2c9ae0c0c4aaf566f56a193ebc074c781058e14c2ddc6697409b5b35cf0ade
Server	runtimes/osx-x64/native/Magick.Native-Q16-HDRI-x64.dll.dylib	NativeLibrary	35485408	e048302aa4a7750c761b6fd3ed7d7142605213f98aaaef10a10db465150a1407
Server	runtimes/osx-x86/lib/netstandard2.1/Steamworks.NET.dll	ManagedAssembly	388608	4ab2e15f0a5d151f940d7cf8140a0fe5cae80581da5f5a03434efea7a0f75505
Server	runtimes/osx/native/libHarfBuzzSharp.dylib	NativeLibrary	2922800	b2d7d39a46954b3d7310540bdf393f398ac4194ee029b995deeb1db0c161c43d
Server	runtimes/osx/native/libjoltc.dylib	NativeLibrary	3947024	386dbeec5e6892c218f9692572528ee3af748184c9298861c90aac1e3443c2ec
Server	runtimes/win-arm64/native/assimp.dll	NativeLibrary	5964288	4223862bc662a7232300ad86dd985c3c01d9d3a5d21304ab101db34e9d65be42
Server	runtimes/win-arm64/native/joltc_double.dll	NativeLibrary	1587712	10609e161487276eaf0457de2c97bf4ffff391650ccd6d8a87fb0cacc9c66c62
Server	runtimes/win-arm64/native/joltc.dll	NativeLibrary	1563648	d32b29b9aadfd7887e4681302a766c5476a196c6ad77ff1f86473bbfb47325e0
Server	runtimes/win-arm64/native/libHarfBuzzSharp.dll	NativeLibrary	1924640	be8e25fcfaf44eb89a9bd62a0595eee006d832069c636a384b7b6b70e3c398ab
Server	runtimes/win-arm64/native/libHarfBuzzSharp.pdb	Symbols	20967424	289947fd566b17a80e39d934ace98092cf81220b278e15c75b1ac4cc5ce729b2
Server	runtimes/win-arm64/native/libSkiaSharp.dll	NativeLibrary	10528056	b2502e6520f1662f58748fa18abc61f6f15e861c530f8e5550590584585d8376
Server	runtimes/win-arm64/native/libSkiaSharp.pdb	Symbols	86028288	6057dd735026d7506a6905d3b739551046e5f4e1d6ee89675a4176f237807ea1
Server	runtimes/win-x64/lib/netstandard2.1/Steamworks.NET.dll	ManagedAssembly	388096	32806bcb74749881a1d08192224dbba8522954d45a4c960d32bab1551fb22ec2
Server	runtimes/win-x64/native/assimp.dll	NativeLibrary	5842432	90984e886cf7394560e44fecd5a5666becd2a93e98251974a562ecb79cfba386
Server	runtimes/win-x64/native/FastGltfBridge.Native.dll	NativeLibrary	451584	c0763d38fd0bdf11d330e99c83ee1de2544f538a15334af5944cd1d43c07a85a
Server	runtimes/win-x64/native/FastGltfBridge.Native.pdb	Symbols	11702272	4e2df9ed5eea5cb06d5b32c7a50175a4ed712a40b739bc89ffee4d84b0cf5a23
Server	runtimes/win-x64/native/joltc_double.dll	NativeLibrary	2017280	1efa17fac1bf6a2c0709acdea79e015b1e7b46ecc89e638e404db93061662763
Server	runtimes/win-x64/native/joltc.dll	NativeLibrary	2013696	79125ab6882a1aeeecd5509bfe9edf383e8e48a34d9a8b642a6b9a197d44df74
Server	runtimes/win-x64/native/lib_coacd.dll	NativeLibrary	6176256	3f21c3be82713ec5381d77b96c61b54eafaf83eb54c4b9b1165e79438eaa9bd9
Server	runtimes/win-x64/native/libHarfBuzzSharp.dll	NativeLibrary	1816088	145ade963eba427027d5e1381db5d51a0ef9e98e9fef9efbfa6074ca20da246f
Server	runtimes/win-x64/native/libHarfBuzzSharp.pdb	Symbols	20918272	4300d75d5af09fbb79d565d9a18573243a93214c811d4f24a33f11f0d4242d93
Server	runtimes/win-x64/native/libmagicphysx.dll	NativeLibrary	4985344	4629390cd8faa1a89b40d287dece3d55d8c9de6deaaf3d56342d3fb09e59c88e
Server	runtimes/win-x64/native/libSkiaSharp.dll	NativeLibrary	12271968	7d81368aff17a4ab15c83b7c48f8c210a49f3a047e8779317c648178398708a3
Server	runtimes/win-x64/native/libSkiaSharp.pdb	Symbols	89133056	45bc914a8dbcfd144d47c6df9fd38d702597a8cfb53022b95cb56536e8bf021c
Server	runtimes/win-x64/native/Magick.Native-Q16-HDRI-x64.dll	NativeLibrary	23980720	58914005bc514fe7f3744e0899ee8a86c9e83e675f6c7aec6906bb2ef70dfa9a
Server	runtimes/win-x64/native/meshoptimizer.dll	NativeLibrary	154624	2de96dbaa821ede81df51e37e7ab42d482f7160445bd5fc34ba18241807921e1
Server	runtimes/win-x86/lib/netstandard2.1/Steamworks.NET.dll	ManagedAssembly	388608	3d435843ac5945d092ce7913f13f464e290e27c3b288d5ef87f4b19c830622f8
Server	runtimes/win-x86/native/assimp.dll	NativeLibrary	5207040	c048492a1f1681f5aa004dbbd144dd5c804a1354828eeaefdcfa527326f8c000
Server	runtimes/win-x86/native/libHarfBuzzSharp.dll	NativeLibrary	1518624	99a97ab4b2b4b60f37930584d79849bd3ef2d1252c51ac47df9805deb08912af
Server	runtimes/win-x86/native/libHarfBuzzSharp.pdb	Symbols	20705280	d830a0134f7dbb1cc6002542fd874d87edb415de3e8e3e841d1306ec6f528a54
Server	runtimes/win-x86/native/libSkiaSharp.dll	NativeLibrary	10715488	f7bc3765fa08f45078672bf161fc9236d262a2360566f37965095dec3ad612c7
Server	runtimes/win-x86/native/libSkiaSharp.pdb	Symbols	91856896	d5b58874c61b5006695b3f0a891c30b9698f31edd63bbfb6ec39cd839d7acece
Server	runtimes/win/lib/net10.0/Microsoft.Win32.SystemEvents.dll	ManagedAssembly	80680	b6438e57241f9beda1c457db6ff1b4ed3e94b37ffcc3dab42c80b0dc0f1aa2af
Server	runtimes/win/lib/net10.0/System.Management.dll	ManagedAssembly	314192	5b117ffaa406309771a0f1487ee643d20fe72365c4554fb16e08cf883f9f237b
Server	SevenZip.dll	ManagedAssembly	56832	976dcd9850b04cae4c4980dd47d58758535f00df6b5ab5cb4fb416eb2c93b788
Server	SharpFont.NetStandard.dll	ManagedAssembly	135680	05a90c3b07cccb1b2a69657f8f75eb7aef4cd137c6df60e975134c72cf81694a
Server	ShimSkiaSharp.dll	ManagedAssembly	218624	0ac0be60dafe273f4ca021bfda16d111ffba990f39e97ac9edc3bcf488e39603
Server	Silk.NET.Core.dll	ManagedAssembly	310032	56e4a018bd9a4e0fb94f97331191db7e86af98b0e23082ea36863f146e217a5c
Server	Silk.NET.Core.Win32Extras.dll	ManagedAssembly	7100176	c9e13c06ffb3bbc70be8810aacb7529040c8141ae57a29aa3bd6ebeed35f1f21
Server	Silk.NET.Direct3D.Compilers.dll	ManagedAssembly	15896336	a68db9ac8c1a29d48638814b526ba653e88890ae0f1603b207a434bbb0159bf3
Server	Silk.NET.Direct3D12.dll	ManagedAssembly	15839504	2e3c0080e72570ad0e7db3f1088c33bd446e1d88c8849c29a0191a6bfc54e85a
Server	Silk.NET.DirectStorage.dll	ManagedAssembly	126736	4929cf22e167c148ee74b78609e265fb916b00cf562cbce2264071d309c96da6
Server	Silk.NET.DXGI.dll	ManagedAssembly	1727248	360b07b93d0795caac4bea27c4c7f1b18dcca69c7fc2cb2083ed546d3e112e7e
Server	Silk.NET.GLFW.dll	ManagedAssembly	84752	9c3c71d2fe0b01bb4fd00e7047001b99db8869384b7ba6b9750f389eece224dc
Server	Silk.NET.Input.Common.dll	ManagedAssembly	41232	4979f2a0afd682e740c247fb103cdd8368d87381728cf633d3bfa4515c0289d1
Server	Silk.NET.Input.Extensions.dll	ManagedAssembly	26384	d500d97a13f6f366a277c24908306c178c0ba3ef665e743920c44301c77e803d
Server	Silk.NET.Input.Glfw.dll	ManagedAssembly	49424	43d615b40d28824c7b7eb488e2b891a09ed6353dd3d0d73a366c67abe8b5270e
Server	Silk.NET.Input.Sdl.dll	ManagedAssembly	45840	8eb9689b534fd0c5004d8c4da51f78aed3faa6b8b1bd572fafe65a77eced7312
Server	Silk.NET.Maths.dll	ManagedAssembly	324368	c3b2b856435a1824f21d0467241f7ef7929980fc11a61d651166ce60828475eb
Server	Silk.NET.OpenAL.dll	ManagedAssembly	67344	a0732fd0edef476ba7e488bed19aa7306ccc3b5e5a993809f10ac050694cd40b
Server	Silk.NET.OpenAL.Extensions.Creative.dll	ManagedAssembly	69904	4e37aa84418c74c69c05434ccf24cd70e12b0eb62b994255a4bab8286e816b16
Server	Silk.NET.OpenAL.Extensions.Enumeration.dll	ManagedAssembly	21264	e5d1a7aa5a22e1b0f500797ea6a011a86fe0d9528dd3bb45ca627f83d63fd5fb
Server	Silk.NET.OpenAL.Extensions.EXT.dll	ManagedAssembly	30480	0c6c68749172baba8e762fe25b79a3fe5ce713e5cdee9d6d4204b6dca4252519
Server	Silk.NET.OpenAL.Extensions.Soft.dll	ManagedAssembly	33040	ce353ae5a437e59a1744d7e864760cc56cd19f28e9ec7782a1794c6825da48b2
Server	Silk.NET.OpenGL.dll	ManagedAssembly	2814224	65fa25d99f255e459dc4604186ee351a7d9a0d636b4c551bc14cf6c981ad805e
Server	Silk.NET.OpenGLES.dll	ManagedAssembly	1960720	610744e44810c6d6e767586cd2755d0b134e0d9f08d01a0fc48b78015b254111
Server	Silk.NET.OpenGLES.Extensions.EXT.dll	ManagedAssembly	448784	7f8b02b35fc0dfd111c782cbfb7b3a2ea6355707ff6c697f4745871f7602fbc2
Server	Silk.NET.OpenXR.dll	ManagedAssembly	963856	5608ec9d78cc2d61a5fa63b5e5ebefb6a1ed9bdff1fcc585df68c346cadc4f6f
Server	Silk.NET.OpenXR.Extensions.EXT.dll	ManagedAssembly	140048	7709007ff989716d6c50d0a6a04e8f2e99cb049fd6504260a52a9ba5289f31b2
Server	Silk.NET.OpenXR.Extensions.HTC.dll	ManagedAssembly	36112	e59238102ee32260bdcbd4c563e9464c7c7c0d82aa3de026369520c2cef931c9
Server	Silk.NET.OpenXR.Extensions.HTCX.dll	ManagedAssembly	22288	3da7a78129152fb8c8ea037daafa7d720a7d91c5fd33d4611a4000f791195120
Server	Silk.NET.OpenXR.Extensions.KHR.dll	ManagedAssembly	62224	03f72323bf5270c0dc9780473ed79384e263342f0b0f5bed4cfa340d85e1a0a9
Server	Silk.NET.OpenXR.Extensions.MSFT.dll	ManagedAssembly	84240	4433ceadecd6bf8ea85f048042d57bac88e3ffb004acee07a892cef6dfd9af71
Server	Silk.NET.OpenXR.Extensions.VALVE.dll	ManagedAssembly	18192	64e20d2bcff59befcf98e2033a3b6f4f63db11ec3c5c0ddb68f59fdbbd66d857
Server	Silk.NET.SDL.dll	ManagedAssembly	1591568	584488ff8480ab2e2dc4c4775065caf99ba60e18b9457443f463e968f5c86b8d
Server	Silk.NET.Vulkan.dll	ManagedAssembly	3251984	5a56f1fe4db712091b6db94e16b6f7e71049027e48f0ee72e001846f1d7a5f45
Server	Silk.NET.Vulkan.Extensions.KHR.dll	ManagedAssembly	445712	be226e227f8695b714db140d5f267760c69b2d64a929b10e3d29d2787dd6edf7
Server	Silk.NET.Windowing.Common.dll	ManagedAssembly	54032	7c80870d5135714dc30efa71e4adb0de9a8c699602cd7e5409d6b21eaa5fad21
Server	Silk.NET.Windowing.Extensions.dll	ManagedAssembly	20752	a7a06ccfedfbcc6f0e80b0803654bd24c159fbe769fec4475cc48757143243c3
Server	Silk.NET.Windowing.Glfw.dll	ManagedAssembly	41744	62d66480ff7e9973a231c5898e7c293d814558e5e156f59898ba41db2b98f4a8
Server	Silk.NET.Windowing.Sdl.dll	ManagedAssembly	44816	33a8fe9f955b550838a2e5c38809fe905fe1a6d5104f3de8ada739f8cd0223a3
Server	Silk.NET.XInput.dll	ManagedAssembly	45328	de0dd52b189e39cfd5b4eaf5b02067f7c4044fbdad66bc4bf19c7af72b1d2897
Server	SkiaSharp.dll	ManagedAssembly	528184	49be72c2eb27b234ddbb55725a703d612bb48137620831c90cadbc7f73519d48
Server	SQLitePCLRaw.core.dll	ManagedAssembly	51200	3d2ed8e186f124f988ebdb45d0354185b424357be2433bba0033ab9ec31bd25b
Server	Steamworks.NET.dll	ManagedAssembly	314368	316a154e7111a052a4c2492b3cd9e302d24ddb2ac33b0141fa8c17c62206a3b2
Server	Svg.Animation.dll	ManagedAssembly	124416	97e1674100225717aa2b5313ee6c3735cf87ef9056862df178ee2b91ecccf8c9
Server	Svg.Custom.dll	ManagedAssembly	1020416	89242eb48a25e40dd4c06ad839e11addccc5c07412e319953752f7c963291704
Server	Svg.Model.dll	ManagedAssembly	160768	df2b9eb253873321155e8b3173797d591a92d405f29ae725224e447289dc51cf
Server	Svg.SceneGraph.dll	ManagedAssembly	1186816	c7142d663bd11b898038f68eac40cb1182065f5cd1a3ec4bc2c18cbf0d3b6eca
Server	Svg.Skia.dll	ManagedAssembly	292864	7bc7fb1621133b3ca78edab82e26b520205107b0aedfb07b4a73eeb0050fc611
Server	System.CodeDom.dll	ManagedAssembly	184656	455ef209be2a45cd70176c53163ec6a4a3fd29a69b5bbe09ed67e060e3a858da
Server	System.Drawing.Common.dll	ManagedAssembly	422224	880a9f5e26c39b1f3cc415331eb5d05e8b5959f433ed5307f8dd42b732e40784
Server	System.IdentityModel.Tokens.Jwt.dll	ManagedAssembly	91976	a5f81e39b551df6d0e8d7ec10ee5fb1666055cade57be8b6121d349ebcc230be
Server	System.IO.Hashing.dll	ManagedAssembly	56104	fc7e609344fee87a82afc924d5918f1149a3d896ba1914617abe4113d619591e
Server	System.Management.dll	ManagedAssembly	74024	716b10782409470c7d061a098a77e45cfc47680025355831a62ab09fa9beb0ed
Server	System.Private.Windows.Core.dll	ManagedAssembly	1226024	a336198bd603b0ef8ddeca57c3d669dd9d348e8fcdfb139037a9254512a433c2
Server	System.Private.Windows.GdiPlus.dll	ManagedAssembly	168784	2f6cba74909a3d1ba1e9ff4b1594663fdd2251027a181bacfc2d6934fc1e8922
Server	UltralightNet.AppCore.Binaries.dll	ManagedAssembly	5632	4a85046275b775ed2ad13ab5dab011a619664d53317ac759e16ce2caba037326
Server	UltralightNet.Binaries.dll	ManagedAssembly	5632	5adaac35f3e1728a7de8431bdccbbeeb978d9c662772756225f01e77eb85f583
Server	UltralightNet.dll	ManagedAssembly	6784000	7a6f8818336ea750e341cdd696406a9d41123a31c27e0ba615a8f59817aed63e
Server	WinRT.Runtime.dll	ManagedAssembly	528944	bcf3a14e8712a90837fc5c0d8c8a24696af2bd7f74e9767597ec81ededfb23db
Server	XREngine.Animation.dll	ManagedAssembly	772608	7611eaa1cca50b1661eac1cf6e315012b10d0f0456695be0f4b0e334fe4f3077
Server	XREngine.Audio.dll	ManagedAssembly	215040	ff0df0efa6c441cdab4a488409234fdce31c00a762349f6606d9c7f9848e26a3
Server	XREngine.Data.dll	ManagedAssembly	1986048	b08ebbbda45a0a97c81c48bd9650ed4046131fdfc35da58362a75ef557e50cd4
Server	XREngine.Extensions.dll	ManagedAssembly	89088	b703f7e2faa2a16b0a58997728c7a1059cee08918172bb373f59d1b9bd796c14
Server	XREngine.Fbx.dll	ManagedAssembly	308736	9c180b88ac5e26be73744ecca18322a81dd3e2970b5c7ec7256c000646f21ce3
Server	XREngine.Gltf.dll	ManagedAssembly	82944	d91bb4fa84db0e8dc76553a8285f94d90c048af6a0b21dbfcbe0dbbe7210ca8a
Server	XREngine.Gltf.pdb	Symbols	29484	bbd6c97503715bbb62ba044d4bb17024d93ec4afd847a1fe4c8a299d6b822fbc
Server	XREngine.Input.dll	ManagedAssembly	91648	3fa0a30d3665283050fea118a2633825011bfedc94cd15db1199473f5b9d68ef
Server	XREngine.Runtime.AnimationIntegration.dll	ManagedAssembly	837632	56f9a84a43ac3b393a050c62861ec2533a2b8d22c1c6c0960d9eb3bf9b163ccd
Server	XREngine.Runtime.AudioIntegration.dll	ManagedAssembly	273920	f820baeedbf0c66738f3c97c97aac649ed0a636db96a0478cbed863995aa3806
Server	XREngine.Runtime.Bootstrap.dll	ManagedAssembly	1601536	6b81f82664895e12388971677730d2438b7a8516e2698c8689dc248ba3fc219b
Server	XREngine.Runtime.Core.dll	ManagedAssembly	2911744	4134ebec53afb74f8ad55e85336afe281e914bbc0438bbd928cff95323dd3904
Server	XREngine.Runtime.InputIntegration.dll	ManagedAssembly	158208	192b5a2f5c374eb6fe9b597713ce7ecedc54edff505f7acc2b52bcaf6d9c601d
Server	XREngine.Runtime.ModelAssetPipeline.dll	ManagedAssembly	430592	7e048281de3f5af6ed44e4814125f6b38130078d734ba9414a1905780b603b11
Server	XREngine.Runtime.Rendering.dll	ManagedAssembly	9413632	37599ea549c24da51982a05b3cf651b1cf27ee69e764231b8d187c47e920c628
Server	XREngine.Server.deps.json	ConfigurationOrManifest	115399	a8fac5d3a90394cf01ea24da4b94689681435e886763763f944d6b78056a5761
Server	XREngine.Server.dll	ManagedAssembly	59392	d4150ac7979f32a238befaa7a1062f8dac0594d5c4a580db2a9a1253482cc827
Server	XREngine.Server.exe	NativeHost	162304	df77c0fca6f947a832a3f72df2c58e6d6122630d8a5c420605029aa5bd95aa89
Server	XREngine.Server.runtimeconfig.json	ConfigurationOrManifest	793	362c508f54d83b22fe612af9dc75ac9a7759fb5c282f602f7f584d8d4b4e8c2b
Server	YamlDotNet.dll	ManagedAssembly	300032	d618138109a40e4a7250e49e2abad8c450e3636bee18d7499ab231e37fa9150a
Server	ZstdSharp.dll	ManagedAssembly	396800	b285bb9f59928becb8e048bf2a75e872f6555f8773d7b72386a9f77f447f425c
VRClient	ActionManifest.json	ConfigurationOrManifest	22153	177055c52e5378ef587deed90437beca08f60475a1edf83a9c9bc672b80ee33a
VRClient	AssimpNetter.dll	ManagedAssembly	190976	7c10c7f0532cd438a207876d004fddff55584619c50fa7fe11bc9c5d5d225700
VRClient	avcodec-61.dll	NativeLibrary	88615424	ba7253d448d062133e15393f614e16f82cac5f5f78655949b5592efb4aa8eef4
VRClient	avdevice-61.dll	NativeLibrary	5193216	9148af44bd22b042a11287d91e2ae4be18faf6223282a72183bc251105715159
VRClient	avfilter-10.dll	NativeLibrary	28839424	5d412347761369e144d0992e5f14bc5b3d59fd31021782e24d2005a1db008dd1
VRClient	avformat-61.dll	NativeLibrary	19759104	5a331dfb8db65ec988cc80436189a9d10ae72f64f4e1c0d34ecd3c811bd34bbd
VRClient	avutil-59.dll	NativeLibrary	2787840	15e7bc6126a8af2d41f0b6ecf59bfc6277b1c5cf2f9149d9966b660b3eb2690c
VRClient	bindings_knuckles.json	ConfigurationOrManifest	24219	68aa87804377da87d29e78ed9dd869c6d038db109faa77089162f1099d25bc4c
VRClient	BitsKit.dll	ManagedAssembly	35840	98c963458aff2c5e8ff0a348f3bb82bbe7c85c64bd095d3094940f1e17875225
VRClient	DotnetNoise.dll	ManagedAssembly	47104	424356f6a43e0c4af2e71254c5a769eb0cc09db6d9947536ad5192c0574e4f6c
VRClient	DXNET.dll	ManagedAssembly	249344	6a1e9d3a718ad741f07c67cb0c09673d660b76a4b75a8238b4e14fbb5dd839f8
VRClient	DXNET.XInput.dll	ManagedAssembly	14336	f7c018971f27a91fcac11360856d428896e2aac62945b2f826af90541a6969e1
VRClient	ExCSS.dll	ManagedAssembly	347136	6b166e638181eba3150f0d10379d1cc8362af6dfd518e9e9e194aa9a746293c2
VRClient	FFmpeg.AutoGen.dll	ManagedAssembly	647680	291b6283b731418bdd7a7546fd190666a181f3b7aa5c0255dc340d62702ede36
VRClient	freetype6.dll	NativeLibrary	581120	7e0b8b72369cf57086ced3b496ad3fed3beb089438389e181ef4c9f73333a3ba
VRClient	Google.Api.CommonProtos.dll	ManagedAssembly	450048	329cf0f2b66c5cbf675321f0d6b33c17d1092e5761f32d3d2c1307a110c0dbbd
VRClient	Google.Api.Gax.dll	ManagedAssembly	79872	1adedac4a241a93c34a41a8939151cccf35381fc6c4d4cc890216eb191032639
VRClient	Google.Api.Gax.Grpc.dll	ManagedAssembly	204288	895e406b21b4ce8bdff1791107116fb5f23ab3b9981e2b5bd4cb4fc747fe4972
VRClient	Google.Apis.Auth.dll	ManagedAssembly	246272	a2a4f688c1e34bca248c2a589e73a20ac3c834a9615c13bcb08a317a78842609
VRClient	Google.Apis.Core.dll	ManagedAssembly	86528	198f959ef53b86d9c6f4b3305503960995cfaaa096252dc7bbbb803c57c58bc7
VRClient	Google.Apis.dll	ManagedAssembly	84480	7d9abc7e9b29b2414d7ddee9286a4ce997d12cb6a55badcc1eb975ed5e1d4092
VRClient	Google.Cloud.Speech.V1.dll	ManagedAssembly	212480	c4cd890c1e736a71860eed5da1562644981fa4d8ea981ce7f54f5931b48502c1
VRClient	Google.Cloud.TextToSpeech.V1.dll	ManagedAssembly	126464	ea44f545d107f85a3f688a9a01e5d3ebab342613a9c3b419bed5710f2c8f320c
VRClient	Google.LongRunning.dll	ManagedAssembly	64512	f28db50842aaebe022b837be016aca0a77bcf71b2f371a785428c1ab504b919c
VRClient	Google.Protobuf.dll	ManagedAssembly	495712	dbd8f2ff0822d2fc0164ae255c0661ce84afc9ba328a30a4a50ba5f54ffee896
VRClient	GraphQL.dll	ManagedAssembly	1089536	f65fbb2271485fd904315a15c45c65d387d5bc6b9353cb7834047689295e6647
VRClient	GraphQLParser.dll	ManagedAssembly	330752	c1492c695cce229b813d7ef82df6469888bf7d62c5d39c59c0d86826d8788ef1
VRClient	Grpc.Auth.dll	ManagedAssembly	21600	d9f18b65825caaec7242324cb96f03d263aa9086d1ec747d1d28242bf8f58db2
VRClient	Grpc.Core.Api.dll	ManagedAssembly	70240	c14ac4d4c97e03cf1f05892caeb6346457ac25c8b1b7ee3e12a720fcaa1fb2e2
VRClient	Grpc.Net.Client.dll	ManagedAssembly	359520	75fe0ec43986ef6e78cf41268728909b9819263273fb1e84146c1c6ef58e0028
VRClient	Grpc.Net.Common.dll	ManagedAssembly	22112	c31a578aed06bd7723ec24139882bbd10e18b79a6fe190482c771113ce32bd43
VRClient	HarfBuzzSharp.dll	ManagedAssembly	122400	55e72ac23263f8e12484f3435e02ec22fac9eff6e6d169bb0a8c246be6b99d29
VRClient	ICSharpCode.SharpZipLib.dll	ManagedAssembly	258048	32ea2d0ce3512e74f1c7ad82591fe67e6b8939d76a8a4ff9c93ead030131e71c
VRClient	ImGui.NET.dll	ManagedAssembly	317440	1b519dba38e8ff0ae85721086c0646c7589c7772b80bf2297a3e8ead1f2a1c41
VRClient	ImmediateReflection.dll	ManagedAssembly	61440	0abfc37931e3e514f2294eb0a069eec3395bbbaf50a7b72ebe25e9863c91ac55
VRClient	Jitter2.dll	ManagedAssembly	278528	be9a5ce58e24fa5ccd7aa82da03b158422b9134aa1bd86001ed81a76a835ac1d
VRClient	JoltPhysicsSharp.dll	ManagedAssembly	457728	f5d4ffdd02ef3d30101759f8b024475f9dec3fcd95de9b2b6fc303102ceab64a
VRClient	K4os.Compression.LZ4.dll	ManagedAssembly	70656	e282aadc2353b864fe95cd5fb525a1a093d99a30a5bf2530b7ab831d56179816
VRClient	lib/x64/freetype6.dll	NativeLibrary	581120	7e0b8b72369cf57086ced3b496ad3fed3beb089438389e181ef4c9f73333a3ba
VRClient	lib/x86/freetype6.dll	NativeLibrary	457216	537e89022200059b423431be6e2ce8424618f04853511adb0ed9abc2a36e5166
VRClient	libmp3lame.32.dll	NativeLibrary	697344	91d3c0cc833265066c51408d940faaf76c5b8fc5bda854540a9cc6c88b1d1f20
VRClient	libmp3lame.64.dll	NativeLibrary	1081856	71dba147b6c16d8d0f012b8e657d52e12cb8796a659e1151200d0a6c8b04bce3
VRClient	licenses/OpenAL-Soft-LGPL-2.0-or-later.txt	Content	23332	21555b19b9ae7983b070711bd22643ac65f38ec21b7422d943a217ca95022a0f
VRClient	Magick.NET-Q16-HDRI-x64.dll	ManagedAssembly	1004720	7075987c52d6bbba33343f6faa81595f04d2f2dfce8e9520e8f29c8ad0b3ca84
VRClient	Magick.NET.Core.dll	ManagedAssembly	1538736	126233abe368695a3b7fd9381cba9cbb7b02f0b107e5183bc2a4b45aefcfd0e3
VRClient	MagicPhysX.dll	ManagedAssembly	390144	308d7e9fb19a38813914a08ff1a25a1561af8686e1f67604ab4d7eead9335bf1
VRClient	MathNet.Numerics.dll	ManagedAssembly	1600000	83b41a608e438409d6520d01124f52f57409e229791c0e074e315ace7d9f4134
VRClient	MathNet.Numerics.Providers.CUDA.dll	ManagedAssembly	39424	e01bd11b5cda9885bc59ddd193789ef87260fbc08e232a21d685a58563fd5be6
VRClient	MemoryPack.Core.dll	ManagedAssembly	210432	6dc7785eea92dc72b9ea4d9d9b08c585ce87c11ec6b8388d00a179af694cf6be
VRClient	Meshoptimizer.NET.dll	ManagedAssembly	9728	4b510c324d1b0d280c6580727d47a43ef1db9e40c8d38e6cd9b99e13ca99ba10
VRClient	MIConvexHull.dll	ManagedAssembly	39936	fc3a3d64a6c82f95d96f7dd376d552ff5ce1b02ada140ad763f8f8829d3bda3d
VRClient	Microsoft.Bcl.AsyncInterfaces.dll	ManagedAssembly	16000	5705d245072d3eb78400547b32147dbb6e2c8b02ba8bda76729798f5efdeaecb
VRClient	Microsoft.DotNet.PlatformAbstractions.dll	ManagedAssembly	23424	b1f4ad169fb192747f5d2d3111c01db4257e3ec1f7f18f301f7fc4be3b869ff3
VRClient	Microsoft.Extensions.DependencyInjection.Abstractions.dll	ManagedAssembly	43632	9ccd830351aa28bc683d4f8d1cefd9e724161f972d25bfb64eee5bf55c48c5e3
VRClient	Microsoft.Extensions.DependencyModel.dll	ManagedAssembly	85280	48cb00c7cb7debe78133f435d66dfe92c951897c608b58fb993d73254d0973ac
VRClient	Microsoft.Extensions.Logging.Abstractions.dll	ManagedAssembly	62064	d575c9d1543ca726ce14dbdffd103e93ea527cd46bb28316da1f4122dbc55d56
VRClient	Microsoft.Win32.SystemEvents.dll	ManagedAssembly	27432	90f625c79faed521a147f44ab5fc6cad7f9fe400bc02b9ece55842bdcac7eada
VRClient	NAudio.Asio.dll	ManagedAssembly	34816	035c653468ac70370f51fb5bb2001b4cf868e479846ccc8c7a09789aa22e2606
VRClient	NAudio.Core.dll	ManagedAssembly	187904	4f8d8c4140146674b103c8a3c46fbc4c768a86c0012a167168e3f7da2b3e5c09
VRClient	NAudio.dll	ManagedAssembly	7680	99f690cf6cdc829f815c06c27fcda9bd18f85b475a8b1b00898fb669fe39f98c
VRClient	NAudio.Lame.dll	ManagedAssembly	92160	9bcae325bf8a5b3a57bd9352d879e6093ac4fb8e2369b3f8150449038e78a267
VRClient	NAudio.Midi.dll	ManagedAssembly	46592	7796a9ec97a1ff29e682855839845da9fe26b6ddcc34addbb514cd73e7a9f02a
VRClient	NAudio.Sdl2.dll	ManagedAssembly	136192	f83c3cea107a08b38ebcf224b6009155733e5bb45c8089045d252d8c8b84d64c
VRClient	NAudio.Vorbis.dll	ManagedAssembly	14848	0ae4de203ffeb14cc5f10859402d3f56e9fe6689c58587d52ba4aa731ef3e8c0
VRClient	NAudio.Wasapi.dll	ManagedAssembly	180224	a05e371abf96195770ac4f84653d987d63731fed528e98c7fe0d10ce66e37d7e
VRClient	NAudio.WinForms.dll	ManagedAssembly	34816	7029d547c9da7fad6d32b6fc4fb9120a52f596f6a1c86485ae050a2e971ae4b0
VRClient	NAudio.WinMM.dll	ManagedAssembly	58368	80807335ee64d5bb26a9de0d1f966a902b5adf32c53b853c8b871937d12b437b
VRClient	NDILibDotNetCoreBase.dll	ManagedAssembly	46080	3a2035548166ba8873d28016c90d32ce8cee4782439d4edb90b2b97b9706118d
VRClient	Newtonsoft.Json.dll	ManagedAssembly	723368	a28c251dfe36d881e9e2462e171441b8b0ec156fe3f452602c9149b1b9efe05b
VRClient	nis.license.txt	Content	1199	f80ecfbce8a84a5b4c1c59dc5a9f0ee9cf5a989c9fba3a9486ee874f7595a454
VRClient	NvLowLatencyVk.dll	NativeLibrary	57840	2a77dc3e1c724b7eea5755be0ae7423752e79a2459fae72181a9f00e3507e5d6
VRClient	nvngx_deepdvc.dll	NativeLibrary	3127408	6973c27355b4548405a70d285b64608f1806c351464aa02c8eff860d63c1b390
VRClient	nvngx_dlss.dll	NativeLibrary	58977904	be6e434a94ca32499515eb62ca0e6c274526055d568d0426e4c652dcdfb6ee6e
VRClient	nvngx_dlss.license.txt	Content	26727	3027f23ca5a46dd9cb8183fbd522983a86f64d7daac5982912bf9f214671f294
VRClient	nvngx_dlssd.dll	NativeLibrary	40946800	f4e97624f70fbb769acb11ebd751b512ecc9463d4bd6aef04896d3956e6084a0
VRClient	nvngx_dlssg.dll	NativeLibrary	7519856	135eaf0733c1e37381a8c28abcf7a862404a54132b81787c04e35d09efc5e36f
VRClient	NVorbis.dll	ManagedAssembly	81408	d4fd7a6a7b8672b30f77de08c0256dbcbd0d3eee07b78554ebce97741aa7a819
VRClient	openvr_api.dll	NativeLibrary	818904	c3314d8822729fb7550d070f75c3efdd2d099965e53416b2901996fc6cee744f
VRClient	OpenVR.NET.dll	ManagedAssembly	315392	9c7dd288d079511d06cd4865046b91da861ede96d96c86aff27abc0b8a104a55
VRClient	OpenVR.NET.pdb	Symbols	55596	750ccb427e3df0fd6d69ef8ac976454bc7f55e7a12b8b83af2820e3c49b683c8
VRClient	OpenVR.NET.xml	Content	29848	43ac88bef04790391e17a6fc8d79d2d1d77fbc1a0cb7b3efa71d642d4b6ddc6b
VRClient	OscCore.dll	ManagedAssembly	48640	35afb66d507c22c704a19abc8664f9c1e789f8608bc45d785fbf092b67fc8c0c
VRClient	OVRLipSync.dll	NativeLibrary	40471800	f20e7bcb50f1591e1c4fdf5fb16ceda876ec599c1731fd857779b977b4e585b7
VRClient	postproc-58.dll	NativeLibrary	89088	b86da2353b95b6840d3915a6d7d825d9ba3419815d19f653de52caf8b579eda8
VRClient	Raylib-cs.dll	ManagedAssembly	136192	5a2d9ee82e1f1db5a97a452135c7e64937d567607d1baa03c7cc8e48c1c4d94a
VRClient	reflex.license.txt	Content	20504	ebf83c07fb3b2939908c3795d887afde3161c89a28ba391724efc784ce1bdabe
VRClient	runtimes/android-arm/native/libjoltc.so	NativeLibrary	1989304	724bbbf8ad35558bbddd79dd1f7f2e0809dc714234129c8ba6d4c7054ae016b8
VRClient	runtimes/android-arm64/native/libjoltc.so	NativeLibrary	2584976	00f52af8c1d6d72e35baffa0e55fe6f0f256c92f1befe7b7b66d6bcf07dd7c88
VRClient	runtimes/android-x64/native/libjoltc.so	NativeLibrary	2738024	23f791e2444d3c50932fce1596579df46d1de193285db37c7a6a766724c8d85e
VRClient	runtimes/ios/native/libSDL2.a	Content	3781112	8b56cbe8e7ff7d727e873da0f22c14dc727426df22fe3107ce8175fbf24cbdb7
VRClient	runtimes/iossimulator/native/libSDL2.a	Content	4006896	e66541dda1109304999c8b76139bffb141e5c3d366938e1a6650ceed324f4404
VRClient	runtimes/linux-arm/native/libglfw.so.3	Content	283628	5f2e360313372a7158c12fcdebb0dc91248494a3addd2ef1308e54d95d1f77ce
VRClient	runtimes/linux-arm/native/libHarfBuzzSharp.so	NativeLibrary	1988676	7a7bafe7d89c5d361a3890e044bdc5993b234831e5c8c1f768260828969ec007
VRClient	runtimes/linux-arm/native/libopenal.so	NativeLibrary	756808	aa6bd8ca8f888c2762d13f4b390114dd44e3c2a2de60758af2a4e263160c7a84
VRClient	runtimes/linux-arm/native/libSDL2-2.0.so	NativeLibrary	1264120	0f3e6a33bb13a659e1c67e56eddae7415991c625dfc194ca578e3e3f7e11c28f
VRClient	runtimes/linux-arm/native/libshaderc_shared.so	NativeLibrary	7670636	c417c58fd11517ead6f2c5e719cec939207177c3ff50d5d560662e8bd685891d
VRClient	runtimes/linux-arm64/native/libassimp.so	NativeLibrary	13095328	b3909b2a5d069d1f6a34351bcea26c10ad1a0d5b93d84f686ee280fb94a5e3c7
VRClient	runtimes/linux-arm64/native/libglfw.so.3	Content	390160	51de75daea1771d031b6251ac114d686b02272edc50373863d2648083d4c98da
VRClient	runtimes/linux-arm64/native/libHarfBuzzSharp.so	NativeLibrary	2657280	68fc5ef842ac0dbd57e8063a11de5bb2f3c2b5af530a2d4fa07a7cf5d6ea4259
VRClient	runtimes/linux-arm64/native/libjoltc.so	NativeLibrary	1886600	daf06442fdf25bd2fc4234c252e3862ca3a94e32792a4466a9d93723c8bb03cb
VRClient	runtimes/linux-arm64/native/libopenal.so	NativeLibrary	1044848	7ab60b66476ab1acd3726f191de3ce29aa505328de66febd28c0a3a692c2fd2b
VRClient	runtimes/linux-arm64/native/libSDL2-2.0.so	NativeLibrary	1781824	125208e76295b9b3029e8deed544c77a19abaca8fce7be990b08d27b66a473e0
VRClient	runtimes/linux-arm64/native/libshaderc_shared.so	NativeLibrary	8409072	098442f2b2e6d9b5eb82fef44228c7a01d00364e2caee529334226cda8ec515f
VRClient	runtimes/linux-arm64/native/libvulkan.so	NativeLibrary	543224	0f5b011f948fca38814d1f2207078b732a9581e787cf6b4fa0b17bb59396506e
VRClient	runtimes/linux-loongarch64/native/libHarfBuzzSharp.so	NativeLibrary	2721088	e3f25c2a81f919fd0297023504bf0655b626d5d47e569724827cca7d06f9c3d7
VRClient	runtimes/linux-musl-arm/native/libHarfBuzzSharp.so	NativeLibrary	3017916	fa511560f4420e0b420eb73fa8339af5c6683d71403c611af8ca6ce366f01494
VRClient	runtimes/linux-musl-arm64/native/libHarfBuzzSharp.so	NativeLibrary	3880784	aa71a80195e31d55b7045bafdc6ec5895b69785cd4b39a249309d3c9fde3e280
VRClient	runtimes/linux-musl-loongarch64/native/libHarfBuzzSharp.so	NativeLibrary	3577960	82befae55055053a65fc66366b2c75081c28463058c79295d0ef38c6ec2df97d
VRClient	runtimes/linux-musl-riscv64/native/libHarfBuzzSharp.so	NativeLibrary	2586112	1d0c376dae6362986a294737cb7b2580e6416c007d4cc25aba8c9eac916ffc10
VRClient	runtimes/linux-musl-x64/native/libHarfBuzzSharp.so	NativeLibrary	3908472	f4b0c632dd41e8000b647dbc463e77602d915ab99914239c8c25a1858430c83f
VRClient	runtimes/linux-musl-x64/native/Magick.Native-Q16-HDRI-x64.dll.so	NativeLibrary	39722720	4e3f8ab279dc617761c591b66e3e7c2ea223846cbc41c4a558eaf759b1e63787
VRClient	runtimes/linux-riscv64/native/libHarfBuzzSharp.so	NativeLibrary	2318920	b0a7dfafd7edfecce56819026741e56c8e46b7e8a422a1a1935d392bb8fc3c39
VRClient	runtimes/linux-x64/native/libAppCore.so	NativeLibrary	670712	4110885e0b85482e07ca8c3610690db48cedcb4adb3a0b605b3ff70406db901b
VRClient	runtimes/linux-x64/native/libassimp.so	NativeLibrary	14261024	0a19996d5a2b41313dd9df65188a04402964f2beafcf49025e481745dcf982a4
VRClient	runtimes/linux-x64/native/libcimgui.so	NativeLibrary	1711680	939a5c44182c67ed44d5d92a1906d8cbe1519c3e6bd67e62e4225f0c1f3c9563
VRClient	runtimes/linux-x64/native/libglfw.so.3	Content	398608	abd1e55084037754c954e3a35db13744e939bdda7c42b235ba6466eb89bc88de
VRClient	runtimes/linux-x64/native/libHarfBuzzSharp.so	NativeLibrary	2808040	1d5c3afef13545bf34bf8f068b14e25ee619c3b6dee235c44e260fe61cb24018
VRClient	runtimes/linux-x64/native/libjoltc.so	NativeLibrary	2087528	3800cc6fff9e5470c524b15e8895599f90e9b96129b3f5cf9f76504beda178a3
VRClient	runtimes/linux-x64/native/libmeshoptimizer.so	NativeLibrary	206832	48ee7bbf5f083c0120c5504897f0a8d378ec4bea143fefb35685e01877fa51d3
VRClient	runtimes/linux-x64/native/libopenal.so	NativeLibrary	1159736	7162b88c6c1fea862746f688ee0a9267a72033f5ea5b82af74d304ec5061a1dc
VRClient	runtimes/linux-x64/native/libraylib.so	NativeLibrary	2546928	a9232cc0430f64017096e0c73edeb462eb339300225cb8cb7ab318b823685b60
VRClient	runtimes/linux-x64/native/libSDL2-2.0.so	NativeLibrary	2138864	ff710f0fb6f1aa618aadf3eaaed775498129e715a7ec9c0a4a112461b72f4386
VRClient	runtimes/linux-x64/native/libshaderc_shared.so	NativeLibrary	9220320	9f2d5c6f53c191e59376251c614043019c6a7e325809703cad186da9b9dce6d3
VRClient	runtimes/linux-x64/native/libUltralight.so	NativeLibrary	756672	0b47695138db040161ee18d6c935de8f504cdad2704b42cd889d251898994dcf
VRClient	runtimes/linux-x64/native/libUltralightCore.so	NativeLibrary	3923736	4d22ea43e0c09ef8957b2c3de589e6070d6bf45b3060e28106e48976f1b4edfe
VRClient	runtimes/linux-x64/native/libvulkan.so	NativeLibrary	506496	8321bfbe86ef5fa270b1fddfef0435caa4994321d5d29547d050a8f9a6ec84c4
VRClient	runtimes/linux-x64/native/libWebCore.so	NativeLibrary	75295816	ef3cee0715db12ad467e194837ffaea2bb404c0a8ee343db2185f9f47fb23650
VRClient	runtimes/linux-x64/native/Magick.Native-Q16-HDRI-x64.dll.so	NativeLibrary	37456304	47107f7e21533a355ab77e2ada3dfe7959da5e64e46b2a09114a89b607bcaabf
VRClient	runtimes/linux-x86/native/libHarfBuzzSharp.so	NativeLibrary	2735488	9171121cc7c5f76d13e3458ea17e9eb6afc74f38ad0e6e2290f050e3557afb42
VRClient	runtimes/osx-arm64/native/libassimp.dylib	NativeLibrary	9590160	4a4555d083ad70f4bf80a25f771d0c573b75e1598ac51b6d16aa0f162850231e
VRClient	runtimes/osx-arm64/native/libglfw.3.dylib	NativeLibrary	236928	c2057028e3f9310b23c1b9a8da2e57839aa98066d1d6fa928d8cdfa7b4813258
VRClient	runtimes/osx-arm64/native/libopenal.dylib	NativeLibrary	873880	85c3fffe4a246315b28ba07346d0e14bfa46c265cf130e2c9c0092421b5b707c
VRClient	runtimes/osx-arm64/native/libraylib.dylib	NativeLibrary	1776592	fa56e83ff651555c61f9829d5b0d3d1d3fdcfff7411c8e0f9dac5af12fe93a45
VRClient	runtimes/osx-arm64/native/libshaderc_shared.dylib	NativeLibrary	9467000	1a4b2d850e6d967346565ae3c5c5a3d60e543eccd5d643543ce7572312e50965
VRClient	runtimes/osx-arm64/native/libvulkan.dylib	NativeLibrary	501352	765c8fa399dfc53eedbd814d89ff87128c4b966e233cd9e9fb2071531846a901
VRClient	runtimes/osx-x64/native/libAppCore.dylib	NativeLibrary	425032	2e5eb6cd2908435c8980ce09aaf2251a38dd597d109079efe8f7b6149072bf8d
VRClient	runtimes/osx-x64/native/libassimp.dylib	NativeLibrary	10078328	3f2c9ae0c0c4aaf566f56a193ebc074c781058e14c2ddc6697409b5b35cf0ade
VRClient	runtimes/osx-x64/native/libglfw.3.dylib	NativeLibrary	235000	14166474c44aa33bb74d47ed9c5495a56e3df8009910275b0f756c97f52c6da5
VRClient	runtimes/osx-x64/native/libopenal.dylib	NativeLibrary	981720	747e8b5aa2ade8a9b9703ba323ccec9585ce3a823c67b7b196a55103fd965a63
VRClient	runtimes/osx-x64/native/libraylib.dylib	NativeLibrary	1960096	8c05453cc51cb0e541ed81859ec6b78210cd7e53863db9cf7c936237ca089242
VRClient	runtimes/osx-x64/native/libshaderc_shared.dylib	NativeLibrary	9967812	25248b7c357f87e18e2d34de29607c9dbfccfe28c85ab3176b49ecb9cd0eb97e
VRClient	runtimes/osx-x64/native/libUltralight.dylib	NativeLibrary	609028	8390ce88bb7558cad2ad17aaa215469f75c05ce7359aacbffcdf7a0901c1d01f
VRClient	runtimes/osx-x64/native/libUltralightCore.dylib	NativeLibrary	3369052	70bd562b455e2751141c1731eb64d3beadb8e507265b36df59a090994aa49c4f
VRClient	runtimes/osx-x64/native/libvulkan.dylib	NativeLibrary	451592	5b558649c9bcdfe24fe5dd409042e0fbbfa1ae5a9504de87cc54a041f5b08f43
VRClient	runtimes/osx-x64/native/libWebCore.dylib	NativeLibrary	62506728	4292071a2b56bf695625ff14392bfd5690637fa35383334b7a44c07a68f0bc0c
VRClient	runtimes/osx-x64/native/Magick.Native-Q16-HDRI-x64.dll.dylib	NativeLibrary	35485408	e048302aa4a7750c761b6fd3ed7d7142605213f98aaaef10a10db465150a1407
VRClient	runtimes/osx/native/libcimgui.dylib	NativeLibrary	3155312	cf5e46116b0304d0387c91f2701817983b29001eee008e333baa4cf1e104e0a1
VRClient	runtimes/osx/native/libHarfBuzzSharp.dylib	NativeLibrary	2922800	b2d7d39a46954b3d7310540bdf393f398ac4194ee029b995deeb1db0c161c43d
VRClient	runtimes/osx/native/libjoltc.dylib	NativeLibrary	3947024	386dbeec5e6892c218f9692572528ee3af748184c9298861c90aac1e3443c2ec
VRClient	runtimes/osx/native/libSDL2-2.0.dylib	NativeLibrary	3140096	55664304136fe623992eb2a4db89174fd6c4bcaaf3dc264ef8c47a7d8fe1e89a
VRClient	runtimes/osx/native/libSkiaSharp.dylib	NativeLibrary	15877536	2308a70f2e25e1ad5250e8f3bf5e11b1c549a8355aa3d131844ccaeaf67015f0
VRClient	runtimes/tvos/native/libSDL2.a	Content	3710040	f481a94101b68f90a5fc91086a175e679028761be98b589c39baa9fe00cba89e
VRClient	runtimes/tvossimulator/native/libSDL2.a	Content	3938648	6fd95c0582c823f9d3ae7107de1ab34ef54f908cb229507531d66fad1489bdaf
VRClient	runtimes/win-arm/native/dstorage.dll	NativeLibrary	141752	bebb8f69352f3c049783ebae253330d6ba16340304d775efeb9e9e58e87e3b14
VRClient	runtimes/win-arm/native/dstoragecore.dll	NativeLibrary	1319360	d1c7e858b405a0d88b214d75d25e00b633a34a7f219290ea56751e280f93a004
VRClient	runtimes/win-arm64/native/assimp.dll	NativeLibrary	5964288	4223862bc662a7232300ad86dd985c3c01d9d3a5d21304ab101db34e9d65be42
VRClient	runtimes/win-arm64/native/cimgui.dll	NativeLibrary	1318912	0237a799b5b3a5a76995bd247870b412367c669d676b0d66b4aa40db1431144e
VRClient	runtimes/win-arm64/native/dstorage.dll	NativeLibrary	192544	0b52b4ac050d4c86d8b7a9823ca91d0b86ade632dd3a3413720ae67e993bebea
VRClient	runtimes/win-arm64/native/dstoragecore.dll	NativeLibrary	1523256	9af7e001daf3dcfa00b25d2fcde7151efac26237d80dfc9b729c856d6078fcda
VRClient	runtimes/win-arm64/native/glfw3.dll	NativeLibrary	228864	27e2e66a20e2aab6ae90126034c62b14a3d060c3e70f45545feb6f7e0dccc14c
VRClient	runtimes/win-arm64/native/joltc_double.dll	NativeLibrary	1587712	10609e161487276eaf0457de2c97bf4ffff391650ccd6d8a87fb0cacc9c66c62
VRClient	runtimes/win-arm64/native/joltc.dll	NativeLibrary	1563648	d32b29b9aadfd7887e4681302a766c5476a196c6ad77ff1f86473bbfb47325e0
VRClient	runtimes/win-arm64/native/libHarfBuzzSharp.dll	NativeLibrary	1924640	be8e25fcfaf44eb89a9bd62a0595eee006d832069c636a384b7b6b70e3c398ab
VRClient	runtimes/win-arm64/native/libHarfBuzzSharp.pdb	Symbols	20967424	289947fd566b17a80e39d934ace98092cf81220b278e15c75b1ac4cc5ce729b2
VRClient	runtimes/win-arm64/native/libSkiaSharp.dll	NativeLibrary	10528056	b2502e6520f1662f58748fa18abc61f6f15e861c530f8e5550590584585d8376
VRClient	runtimes/win-arm64/native/libSkiaSharp.pdb	Symbols	86028288	6057dd735026d7506a6905d3b739551046e5f4e1d6ee89675a4176f237807ea1
VRClient	runtimes/win-arm64/native/SDL2.dll	NativeLibrary	1518592	2c924962eaac7a5b5b82db50d18bf0f93d9a51320daaf82f9971a9cad8f2244a
VRClient	runtimes/win-arm64/native/shaderc_shared.dll	NativeLibrary	6270976	cae601b38a3389d3a5cc4b956a06e53d7e383f043e64c55640ce329c62c2dbea
VRClient	runtimes/win-arm64/native/soft_oal.dll	NativeLibrary	1091072	5c592ef59ef1678711c1b884a9457d3d21d2a648dd65151bb6de54db166b862a
VRClient	runtimes/win-arm64/native/vulkan-1.dll	NativeLibrary	728576	e162daf8ae6ec7bb936369bbfe0da83f939b2ec6eee67c51b63bc95d85a0e494
VRClient	runtimes/win-x64/native/AppCore.dll	NativeLibrary	236032	9722dc1d486dfe523323d195f105d16b7772d4f555da0a90d5d324efb930d90a
VRClient	runtimes/win-x64/native/assimp.dll	NativeLibrary	5842432	90984e886cf7394560e44fecd5a5666becd2a93e98251974a562ecb79cfba386
VRClient	runtimes/win-x64/native/cimgui.dll	NativeLibrary	1450496	60ec992bcebd354d59f235ed97cdc3b0eea62c2def53c4a71f22937e500fa80b
VRClient	runtimes/win-x64/native/dstorage.dll	NativeLibrary	206904	cae65787f61514bec6f012f44546e68b19e39d8854a9ab52af813370d44b272a
VRClient	runtimes/win-x64/native/dstoragecore.dll	NativeLibrary	1482784	cf85b19a92a8276f8baca0db9bbcd60735bad50768deb303d310e84d5f4fdd11
VRClient	runtimes/win-x64/native/FastGltfBridge.Native.dll	NativeLibrary	451584	c0763d38fd0bdf11d330e99c83ee1de2544f538a15334af5944cd1d43c07a85a
VRClient	runtimes/win-x64/native/FastGltfBridge.Native.pdb	Symbols	11702272	4e2df9ed5eea5cb06d5b32c7a50175a4ed712a40b739bc89ffee4d84b0cf5a23
VRClient	runtimes/win-x64/native/glfw3.dll	NativeLibrary	232960	a107a8e8378527897d5e99f3a53d01a7289ef5fda564952fbec2769386eccd58
VRClient	runtimes/win-x64/native/joltc_double.dll	NativeLibrary	2017280	1efa17fac1bf6a2c0709acdea79e015b1e7b46ecc89e638e404db93061662763
VRClient	runtimes/win-x64/native/joltc.dll	NativeLibrary	2013696	79125ab6882a1aeeecd5509bfe9edf383e8e48a34d9a8b642a6b9a197d44df74
VRClient	runtimes/win-x64/native/lib_coacd.dll	NativeLibrary	6176256	3f21c3be82713ec5381d77b96c61b54eafaf83eb54c4b9b1165e79438eaa9bd9
VRClient	runtimes/win-x64/native/libHarfBuzzSharp.dll	NativeLibrary	1816088	145ade963eba427027d5e1381db5d51a0ef9e98e9fef9efbfa6074ca20da246f
VRClient	runtimes/win-x64/native/libHarfBuzzSharp.pdb	Symbols	20918272	4300d75d5af09fbb79d565d9a18573243a93214c811d4f24a33f11f0d4242d93
VRClient	runtimes/win-x64/native/libmagicphysx.dll	NativeLibrary	4985344	4629390cd8faa1a89b40d287dece3d55d8c9de6deaaf3d56342d3fb09e59c88e
VRClient	runtimes/win-x64/native/libSkiaSharp.dll	NativeLibrary	12271968	7d81368aff17a4ab15c83b7c48f8c210a49f3a047e8779317c648178398708a3
VRClient	runtimes/win-x64/native/libSkiaSharp.pdb	Symbols	89133056	45bc914a8dbcfd144d47c6df9fd38d702597a8cfb53022b95cb56536e8bf021c
VRClient	runtimes/win-x64/native/Magick.Native-Q16-HDRI-x64.dll	NativeLibrary	23980720	58914005bc514fe7f3744e0899ee8a86c9e83e675f6c7aec6906bb2ef70dfa9a
VRClient	runtimes/win-x64/native/meshoptimizer.dll	NativeLibrary	154624	2de96dbaa821ede81df51e37e7ab42d482f7160445bd5fc34ba18241807921e1
VRClient	runtimes/win-x64/native/raylib.dll	NativeLibrary	1894912	fb7dbfef99ae547b4700ca6bf007d4208b59416619edf1eb377a4fd6886d6c80
VRClient	runtimes/win-x64/native/SDL2.dll	NativeLibrary	1702400	c3b50f5d8e277ae1f13642ca036f0eba3155a62b141142f254ce995c74f49fbd
VRClient	runtimes/win-x64/native/shaderc_shared.dll	NativeLibrary	6962688	8e13592eac48b94755e4aa4c41552b210b41ca906d0bfe35b0a6d47a97d0b7c6
VRClient	runtimes/win-x64/native/soft_oal.dll	NativeLibrary	1113088	a6ab25f02bb6ed35bc301655e11da63c8bf55614a8c51326c7e4f033041a2957
VRClient	runtimes/win-x64/native/Ultralight.dll	NativeLibrary	391680	27d64ff4077281a5fb91fac461cece6d458aefb0920b4fffae86b5dee52e23d1
VRClient	runtimes/win-x64/native/UltralightCore.dll	NativeLibrary	2280448	b3073dd716f99b2b8f412bc08639f9df1affa0996660701aa538d36cc5d1abed
VRClient	runtimes/win-x64/native/vulkan-1.dll	NativeLibrary	663552	2cb843cfa9ee9586d2c863ff33454b8ce352a8a96dfe1021b492dfd237ecf8af
VRClient	runtimes/win-x64/native/WebCore.dll	NativeLibrary	50532864	29a25da7ae25df3758ef2239134361679773e6f75e14bd37d79d8ac15442f9f3
VRClient	runtimes/win-x86/native/assimp.dll	NativeLibrary	5207040	c048492a1f1681f5aa004dbbd144dd5c804a1354828eeaefdcfa527326f8c000
VRClient	runtimes/win-x86/native/cimgui.dll	NativeLibrary	1288704	320e13f5770a14b8ea9fc301024c07282e41875d8efe88402b20ad405ecbb70f
VRClient	runtimes/win-x86/native/dstorage.dll	NativeLibrary	165960	3abe353ea149cebe71927c2fecc5680ec2d06f6eab9404e92d91b444f2cd0a43
VRClient	runtimes/win-x86/native/dstoragecore.dll	NativeLibrary	1373728	41ddb6a6d638aa8c6945572278ef6967ef1b91d7b3864df6abb34192cc84b352
VRClient	runtimes/win-x86/native/glfw3.dll	NativeLibrary	211456	a72a91a3186b5b95ab509db5a8496cdd131e1435f2fc3c58b350474806b61f80
VRClient	runtimes/win-x86/native/libHarfBuzzSharp.dll	NativeLibrary	1518624	99a97ab4b2b4b60f37930584d79849bd3ef2d1252c51ac47df9805deb08912af
VRClient	runtimes/win-x86/native/libHarfBuzzSharp.pdb	Symbols	20705280	d830a0134f7dbb1cc6002542fd874d87edb415de3e8e3e841d1306ec6f528a54
VRClient	runtimes/win-x86/native/libSkiaSharp.dll	NativeLibrary	10715488	f7bc3765fa08f45078672bf161fc9236d262a2360566f37965095dec3ad612c7
VRClient	runtimes/win-x86/native/libSkiaSharp.pdb	Symbols	91856896	d5b58874c61b5006695b3f0a891c30b9698f31edd63bbfb6ec39cd839d7acece
VRClient	runtimes/win-x86/native/raylib.dll	NativeLibrary	1655296	eb074ac3af5a729f2112d5c017d2330e2c0350bce9ee40abf726602c2a26fb9f
VRClient	runtimes/win-x86/native/SDL2.dll	NativeLibrary	1434624	d6b656a33abd2cb01af85d2a9cc818c665a02fcbf79a07c54cfadd1f9e2b65d7
VRClient	runtimes/win-x86/native/shaderc_shared.dll	NativeLibrary	7878144	1882e7c8f08d747e55e98d833a5cc1b37e252e1f7cdbd7a87ba4aaa37a02686e
VRClient	runtimes/win-x86/native/soft_oal.dll	NativeLibrary	996864	8eb95ea8aa145ce33a2f301f4b5b5117982e62bbb8562ca83e88cac5113e3a0b
VRClient	runtimes/win-x86/native/vulkan-1.dll	NativeLibrary	660992	481b3b446faa67015e0879f7ebaa018cc5872807fc5e31f65c0019a3861a4476
VRClient	runtimes/win/lib/net10.0/Microsoft.Win32.SystemEvents.dll	ManagedAssembly	80680	b6438e57241f9beda1c457db6ff1b4ed3e94b37ffcc3dab42c80b0dc0f1aa2af
VRClient	runtimes/win/lib/net10.0/System.Management.dll	ManagedAssembly	314192	5b117ffaa406309771a0f1487ee643d20fe72365c4554fb16e08cf883f9f237b
VRClient	SevenZip.dll	ManagedAssembly	56832	976dcd9850b04cae4c4980dd47d58758535f00df6b5ab5cb4fb416eb2c93b788
VRClient	SharpFont.NetStandard.dll	ManagedAssembly	135680	05a90c3b07cccb1b2a69657f8f75eb7aef4cd137c6df60e975134c72cf81694a
VRClient	ShimSkiaSharp.dll	ManagedAssembly	218624	0ac0be60dafe273f4ca021bfda16d111ffba990f39e97ac9edc3bcf488e39603
VRClient	Silk.NET.Core.dll	ManagedAssembly	310032	56e4a018bd9a4e0fb94f97331191db7e86af98b0e23082ea36863f146e217a5c
VRClient	Silk.NET.Core.Win32Extras.dll	ManagedAssembly	7100176	c9e13c06ffb3bbc70be8810aacb7529040c8141ae57a29aa3bd6ebeed35f1f21
VRClient	Silk.NET.Direct3D.Compilers.dll	ManagedAssembly	15896336	a68db9ac8c1a29d48638814b526ba653e88890ae0f1603b207a434bbb0159bf3
VRClient	Silk.NET.Direct3D12.dll	ManagedAssembly	15839504	2e3c0080e72570ad0e7db3f1088c33bd446e1d88c8849c29a0191a6bfc54e85a
VRClient	Silk.NET.DirectStorage.dll	ManagedAssembly	126736	4929cf22e167c148ee74b78609e265fb916b00cf562cbce2264071d309c96da6
VRClient	Silk.NET.DXGI.dll	ManagedAssembly	1727248	360b07b93d0795caac4bea27c4c7f1b18dcca69c7fc2cb2083ed546d3e112e7e
VRClient	Silk.NET.GLFW.dll	ManagedAssembly	84752	9c3c71d2fe0b01bb4fd00e7047001b99db8869384b7ba6b9750f389eece224dc
VRClient	Silk.NET.Input.Common.dll	ManagedAssembly	41232	4979f2a0afd682e740c247fb103cdd8368d87381728cf633d3bfa4515c0289d1
VRClient	Silk.NET.Input.Extensions.dll	ManagedAssembly	26384	d500d97a13f6f366a277c24908306c178c0ba3ef665e743920c44301c77e803d
VRClient	Silk.NET.Input.Glfw.dll	ManagedAssembly	49424	43d615b40d28824c7b7eb488e2b891a09ed6353dd3d0d73a366c67abe8b5270e
VRClient	Silk.NET.Input.Sdl.dll	ManagedAssembly	45840	8eb9689b534fd0c5004d8c4da51f78aed3faa6b8b1bd572fafe65a77eced7312
VRClient	Silk.NET.Maths.dll	ManagedAssembly	324368	c3b2b856435a1824f21d0467241f7ef7929980fc11a61d651166ce60828475eb
VRClient	Silk.NET.OpenAL.dll	ManagedAssembly	67344	a0732fd0edef476ba7e488bed19aa7306ccc3b5e5a993809f10ac050694cd40b
VRClient	Silk.NET.OpenAL.Extensions.Creative.dll	ManagedAssembly	69904	4e37aa84418c74c69c05434ccf24cd70e12b0eb62b994255a4bab8286e816b16
VRClient	Silk.NET.OpenAL.Extensions.Enumeration.dll	ManagedAssembly	21264	e5d1a7aa5a22e1b0f500797ea6a011a86fe0d9528dd3bb45ca627f83d63fd5fb
VRClient	Silk.NET.OpenAL.Extensions.EXT.dll	ManagedAssembly	30480	0c6c68749172baba8e762fe25b79a3fe5ce713e5cdee9d6d4204b6dca4252519
VRClient	Silk.NET.OpenAL.Extensions.Soft.dll	ManagedAssembly	33040	ce353ae5a437e59a1744d7e864760cc56cd19f28e9ec7782a1794c6825da48b2
VRClient	Silk.NET.OpenGL.dll	ManagedAssembly	2814224	65fa25d99f255e459dc4604186ee351a7d9a0d636b4c551bc14cf6c981ad805e
VRClient	Silk.NET.OpenGL.Extensions.AMD.dll	ManagedAssembly	44816	444d17917d9553af6ec1343387021d1ac35d7b551860aa10217e537ede145504
VRClient	Silk.NET.OpenGL.Extensions.ARB.dll	ManagedAssembly	1674512	ec58ec9c0f4ec83b89b58bb66056e52052ba8bbd43b84181b7b16d1e862ba9f3
VRClient	Silk.NET.OpenGL.Extensions.EXT.dll	ManagedAssembly	788240	0a69d88686b40141c0e1935e8231dccd592ebcf4e9eab7d38928eb9cd4cf464b
VRClient	Silk.NET.OpenGL.Extensions.ImGui.dll	ManagedAssembly	37136	3d3dd9628b646926257c1ca2f0e7d0f4c223c8619ead7206a527867b50dbef67
VRClient	Silk.NET.OpenGL.Extensions.INTEL.dll	ManagedAssembly	408848	9f84134e1593b78bf9d2482c7f0a8a726aa40586150e20a88b66c256241bb608
VRClient	Silk.NET.OpenGL.Extensions.KHR.dll	ManagedAssembly	27920	1db7d10e836666cede3969902ef5dcce43e89a138dfc7ab1131dbbd5c8326c73
VRClient	Silk.NET.OpenGL.Extensions.NV.dll	ManagedAssembly	547600	30d30c598336a3a87954705598f7515b423b2b0f8398ad11cb946682d2310a11
VRClient	Silk.NET.OpenGL.Extensions.OVR.dll	ManagedAssembly	22800	118f596e76cff79393e1b50614f85008aa291954947ce775c18e08817efbecee
VRClient	Silk.NET.OpenGLES.dll	ManagedAssembly	1960720	610744e44810c6d6e767586cd2755d0b134e0d9f08d01a0fc48b78015b254111
VRClient	Silk.NET.OpenGLES.Extensions.EXT.dll	ManagedAssembly	448784	7f8b02b35fc0dfd111c782cbfb7b3a2ea6355707ff6c697f4745871f7602fbc2
VRClient	Silk.NET.OpenGLES.Extensions.NV.dll	ManagedAssembly	501520	3438bb763bc1b9d3491b8be5b126d5ded52369d11b9b3aa4fba058b69f062fa5
VRClient	Silk.NET.OpenXR.dll	ManagedAssembly	963856	5608ec9d78cc2d61a5fa63b5e5ebefb6a1ed9bdff1fcc585df68c346cadc4f6f
VRClient	Silk.NET.OpenXR.Extensions.EXT.dll	ManagedAssembly	140048	7709007ff989716d6c50d0a6a04e8f2e99cb049fd6504260a52a9ba5289f31b2
VRClient	Silk.NET.OpenXR.Extensions.HTC.dll	ManagedAssembly	36112	e59238102ee32260bdcbd4c563e9464c7c7c0d82aa3de026369520c2cef931c9
VRClient	Silk.NET.OpenXR.Extensions.HTCX.dll	ManagedAssembly	22288	3da7a78129152fb8c8ea037daafa7d720a7d91c5fd33d4611a4000f791195120
VRClient	Silk.NET.OpenXR.Extensions.KHR.dll	ManagedAssembly	62224	03f72323bf5270c0dc9780473ed79384e263342f0b0f5bed4cfa340d85e1a0a9
VRClient	Silk.NET.OpenXR.Extensions.MSFT.dll	ManagedAssembly	84240	4433ceadecd6bf8ea85f048042d57bac88e3ffb004acee07a892cef6dfd9af71
VRClient	Silk.NET.OpenXR.Extensions.VALVE.dll	ManagedAssembly	18192	64e20d2bcff59befcf98e2033a3b6f4f63db11ec3c5c0ddb68f59fdbbd66d857
VRClient	Silk.NET.SDL.dll	ManagedAssembly	1591568	584488ff8480ab2e2dc4c4775065caf99ba60e18b9457443f463e968f5c86b8d
VRClient	Silk.NET.Shaderc.dll	ManagedAssembly	110352	09e99084c2834f584916a2952cc05f687d30404cf6cafcaa3495a90d445bea78
VRClient	Silk.NET.Vulkan.dll	ManagedAssembly	3251984	5a56f1fe4db712091b6db94e16b6f7e71049027e48f0ee72e001846f1d7a5f45
VRClient	Silk.NET.Vulkan.Extensions.AMD.dll	ManagedAssembly	29456	65fa127b752b05a034ac79c739ec6ff16e8ef5cbc51b847ea18766f31bff4ad0
VRClient	Silk.NET.Vulkan.Extensions.ARM.dll	ManagedAssembly	73488	9023509e737f05fd59ac1018114c0a54a4cd07f7cc23f6cb8cde5d5cc4fb064d
VRClient	Silk.NET.Vulkan.Extensions.EXT.dll	ManagedAssembly	365328	7da6e8b3965ce5097409c728da86cf3d0184647b09255a9675bcc136d55cefa0
VRClient	Silk.NET.Vulkan.Extensions.FB.dll	ManagedAssembly	18192	7d5e2b5cfdc69404356ae6902d05a086fd0892f51bbeca66523c60d2de970b31
VRClient	Silk.NET.Vulkan.Extensions.HUAWEI.dll	ManagedAssembly	25360	8d40403c124df0ebab77aa420e61714385aec9f869abb98e19116f7739436e28
VRClient	Silk.NET.Vulkan.Extensions.INTEL.dll	ManagedAssembly	28944	e0b2aae5128858bc6fd39400a4cefe7b63b43c18bdf90adf482b65d6fb708092
VRClient	Silk.NET.Vulkan.Extensions.KHR.dll	ManagedAssembly	445712	be226e227f8695b714db140d5f267760c69b2d64a929b10e3d29d2787dd6edf7
VRClient	Silk.NET.Vulkan.Extensions.NV.dll	ManagedAssembly	142096	7c0fb0f4297881cb1c708dd031b51e9fb724d03043476d0683491e35057c614b
VRClient	Silk.NET.Vulkan.Extensions.NVX.dll	ManagedAssembly	33552	b294db4a22a66b314fcc81c0352d65e12e7938e26af1edeaf587dec3bacdd9ce
VRClient	Silk.NET.Vulkan.Extensions.QNX.dll	ManagedAssembly	27920	60190cfd29f9962af0da3c99a75b6371e327a50d4b29c05b42dcf5a122bc5718
VRClient	Silk.NET.Vulkan.Extensions.VALVE.dll	ManagedAssembly	23824	b3fa9f8975683cb76321c5183b7388c382bdf0ff53ced17335da6b2bbf7c9275
VRClient	Silk.NET.WGL.dll	ManagedAssembly	44816	7574502fcead6298b50082665094e691886f1e4f8edab9718628e6024ada5365
VRClient	Silk.NET.WGL.Extensions.ARB.dll	ManagedAssembly	53520	5c09205dfbd0adf23f05e04082bb1c9f2bd69b77475bd3cb370d7c508f96f161
VRClient	Silk.NET.Windowing.Common.dll	ManagedAssembly	54032	7c80870d5135714dc30efa71e4adb0de9a8c699602cd7e5409d6b21eaa5fad21
VRClient	Silk.NET.Windowing.Extensions.dll	ManagedAssembly	20752	a7a06ccfedfbcc6f0e80b0803654bd24c159fbe769fec4475cc48757143243c3
VRClient	Silk.NET.Windowing.Glfw.dll	ManagedAssembly	41744	62d66480ff7e9973a231c5898e7c293d814558e5e156f59898ba41db2b98f4a8
VRClient	Silk.NET.Windowing.Sdl.dll	ManagedAssembly	44816	33a8fe9f955b550838a2e5c38809fe905fe1a6d5104f3de8ada739f8cd0223a3
VRClient	Silk.NET.XInput.dll	ManagedAssembly	45328	de0dd52b189e39cfd5b4eaf5b02067f7c4044fbdad66bc4bf19c7af72b1d2897
VRClient	SkiaSharp.dll	ManagedAssembly	527160	6e9f9367c0a30ca826065af19b2a6d6138c35ca9b47a72865539267f7e1bb1d1
VRClient	sl.common.dll	NativeLibrary	830080	c57930ef5a8a3fe9be85efdf71a61d8107c1148e8a6aed456464547128f7f4ae
VRClient	sl.deepdvc.dll	NativeLibrary	375936	fcfa3d30dfb13f71ef4c9dcb9a297f2cdc3d23efb473f84619c2cee1a579eac4
VRClient	sl.directsr.dll	NativeLibrary	369280	be61327be4c7984edda294ce9107b243a62407c8821d3fade52142b38246be95
VRClient	sl.dlss_d.dll	NativeLibrary	436864	35e4f8fc8396a08514a4493b87ba507445f886dad4b7c6c024d3305824236be6
VRClient	sl.dlss_g.dll	NativeLibrary	612992	1fec3f8fdfc59d78c4445c276c1a0fb798bf251985f348597dc2b44d0c995e52
VRClient	sl.dlss.dll	NativeLibrary	421504	a997022d2b93601e0eefc3ddb3067c36df386dd3163ae71e11095191fb14f8e4
VRClient	sl.interposer.dll	NativeLibrary	647808	2a79db6857ae8c75bbd871a9489c48bc6a39f7fcc88b9b02afd53d0376cbec66
VRClient	sl.nis.dll	NativeLibrary	1155200	82ac2d3936ad24856b2219ce43016e7428539bf9dfc217a690a3cc8b05adaf63
VRClient	sl.nvperf.dll	NativeLibrary	760960	7defb0910a52e92e367d6f9fb3067d34e2b8508c3ac63b58a9a6e307602c4fd5
VRClient	sl.pcl.dll	NativeLibrary	359552	699ab461e64e95189a7fe6a21c79ad237cf56b60ea748cb6c840cd5431ba91d1
VRClient	sl.reflex.dll	NativeLibrary	382080	7e6e4ccc4b561bd449fb0da90709d9b96b08c3f6f4697362caaa359e72a58a67
VRClient	Svg.Animation.dll	ManagedAssembly	124416	97e1674100225717aa2b5313ee6c3735cf87ef9056862df178ee2b91ecccf8c9
VRClient	Svg.Custom.dll	ManagedAssembly	1020416	89242eb48a25e40dd4c06ad839e11addccc5c07412e319953752f7c963291704
VRClient	Svg.Model.dll	ManagedAssembly	160768	df2b9eb253873321155e8b3173797d591a92d405f29ae725224e447289dc51cf
VRClient	Svg.SceneGraph.dll	ManagedAssembly	1186816	c7142d663bd11b898038f68eac40cb1182065f5cd1a3ec4bc2c18cbf0d3b6eca
VRClient	Svg.Skia.dll	ManagedAssembly	292864	7bc7fb1621133b3ca78edab82e26b520205107b0aedfb07b4a73eeb0050fc611
VRClient	swresample-5.dll	NativeLibrary	657408	c402761122d28b94a936f25b9a2f6c6a92f061f209ac73f51851d61e86281172
VRClient	swscale-8.dll	NativeLibrary	702464	2fb6eead9d34966350ca585534a37f6a8ef552880fddee92b260702d2a11b31f
VRClient	System.CodeDom.dll	ManagedAssembly	184656	455ef209be2a45cd70176c53163ec6a4a3fd29a69b5bbe09ed67e060e3a858da
VRClient	System.Drawing.Common.dll	ManagedAssembly	422224	880a9f5e26c39b1f3cc415331eb5d05e8b5959f433ed5307f8dd42b732e40784
VRClient	System.IO.Hashing.dll	ManagedAssembly	56104	fc7e609344fee87a82afc924d5918f1149a3d896ba1914617abe4113d619591e
VRClient	System.Management.dll	ManagedAssembly	74024	716b10782409470c7d061a098a77e45cfc47680025355831a62ab09fa9beb0ed
VRClient	System.Private.Windows.Core.dll	ManagedAssembly	1226024	a336198bd603b0ef8ddeca57c3d669dd9d348e8fcdfb139037a9254512a433c2
VRClient	System.Private.Windows.GdiPlus.dll	ManagedAssembly	168784	2f6cba74909a3d1ba1e9ff4b1594663fdd2251027a181bacfc2d6934fc1e8922
VRClient	UltralightNet.AppCore.Binaries.dll	ManagedAssembly	5632	4a85046275b775ed2ad13ab5dab011a619664d53317ac759e16ce2caba037326
VRClient	UltralightNet.AppCore.dll	ManagedAssembly	28160	b8f890b68e4b302bc65c73d8dcde12bdebda43e932cac77b98539017ed4c53d4
VRClient	UltralightNet.Binaries.dll	ManagedAssembly	5632	5adaac35f3e1728a7de8431bdccbbeeb978d9c662772756225f01e77eb85f583
VRClient	UltralightNet.dll	ManagedAssembly	6784000	7a6f8818336ea750e341cdd696406a9d41123a31c27e0ba615a8f59817aed63e
VRClient	VulkanMemoryAllocatorBridge.Native.dll	NativeLibrary	218112	a5f462fe1cf286973b0073623e9065c204e499a1bf00667083579d9f7985b4f8
VRClient	XREngine.Animation.dll	ManagedAssembly	772608	7611eaa1cca50b1661eac1cf6e315012b10d0f0456695be0f4b0e334fe4f3077
VRClient	XREngine.Audio.dll	ManagedAssembly	215040	ff0df0efa6c441cdab4a488409234fdce31c00a762349f6606d9c7f9848e26a3
VRClient	XREngine.Data.dll	ManagedAssembly	1986048	b08ebbbda45a0a97c81c48bd9650ed4046131fdfc35da58362a75ef557e50cd4
VRClient	XREngine.Extensions.dll	ManagedAssembly	89088	b703f7e2faa2a16b0a58997728c7a1059cee08918172bb373f59d1b9bd796c14
VRClient	XREngine.Fbx.dll	ManagedAssembly	308736	9c180b88ac5e26be73744ecca18322a81dd3e2970b5c7ec7256c000646f21ce3
VRClient	XREngine.Gltf.dll	ManagedAssembly	82944	d91bb4fa84db0e8dc76553a8285f94d90c048af6a0b21dbfcbe0dbbe7210ca8a
VRClient	XREngine.Gltf.pdb	Symbols	29484	bbd6c97503715bbb62ba044d4bb17024d93ec4afd847a1fe4c8a299d6b822fbc
VRClient	XREngine.Input.dll	ManagedAssembly	91648	3fa0a30d3665283050fea118a2633825011bfedc94cd15db1199473f5b9d68ef
VRClient	XREngine.Runtime.AnimationIntegration.dll	ManagedAssembly	837632	56f9a84a43ac3b393a050c62861ec2533a2b8d22c1c6c0960d9eb3bf9b163ccd
VRClient	XREngine.Runtime.AudioIntegration.dll	ManagedAssembly	273920	f820baeedbf0c66738f3c97c97aac649ed0a636db96a0478cbed863995aa3806
VRClient	XREngine.Runtime.Bootstrap.dll	ManagedAssembly	1602560	bee6122cf05a173b431c535ad6fdd684c5c56221ab8689951f7e3a6f744e68e8
VRClient	XREngine.Runtime.Core.dll	ManagedAssembly	2911744	4134ebec53afb74f8ad55e85336afe281e914bbc0438bbd928cff95323dd3904
VRClient	XREngine.Runtime.InputIntegration.dll	ManagedAssembly	158208	192b5a2f5c374eb6fe9b597713ce7ecedc54edff505f7acc2b52bcaf6d9c601d
VRClient	XREngine.Runtime.ModelAssetPipeline.dll	ManagedAssembly	430592	7e048281de3f5af6ed44e4814125f6b38130078d734ba9414a1905780b603b11
VRClient	XREngine.Runtime.Rendering.dll	ManagedAssembly	9413632	37599ea549c24da51982a05b3cf651b1cf27ee69e764231b8d187c47e920c628
VRClient	XREngine.Runtime.Rendering.OpenGL.dll	ManagedAssembly	1060352	9ed9ed2a984fe9dafd8d18b4f4b9738b10cdd5a460ca37e4dccad9f8110f5771
VRClient	XREngine.Runtime.Rendering.Vulkan.dll	ManagedAssembly	5749760	a4db82002d2ff7944b9f114b857690b45496e1f96b1a127b2f2339807a610dfb
VRClient	XREngine.VRClient.deps.json	ConfigurationOrManifest	129873	7e819f54d184998aa6a1e676ad7e056ad1e02c10478fe47b88d809da8f1c1ca1
VRClient	XREngine.VRClient.dll	ManagedAssembly	25600	ded002ee9f247253186706e3d95cd5c3eb0c0c69d38d84a6119843041ef7556e
VRClient	XREngine.VRClient.exe	NativeHost	162304	4a4ac57880408aa9a6970617c18a689cdd75c248efe6bca7c01d972a56d98f1f
VRClient	XREngine.VRClient.runtimeconfig.json	ConfigurationOrManifest	862	092fe42ea0170898d2db04873255ca0d7547e73cc51bdf7b9dbbaa9a2de13fd7
VRClient	YamlDotNet.dll	ManagedAssembly	300032	d618138109a40e4a7250e49e2abad8c450e3636bee18d7499ab231e37fa9150a
VRClient	ZstdSharp.dll	ManagedAssembly	396800	b285bb9f59928becb8e048bf2a75e872f6555f8773d7b72386a9f77f447f425c
